Player,Mat,Inns,NO,Runs,HS,Ave,BF,SR,100,50,0,4s,6s,country,year,Overs,Mdns,runs_given,Wkts,BBI,bowling_average,Econ,bowling_strike_rate,4,5,Ct,St,Country,Role
M Azharuddin,7,5,2,190,64,63.33,241,78.83,0,2,0,19,1,India,1987,23.5,0,109,5,3/19,21.80,4.57,28.6,0,0,2,0,INDIA,Batsman
M Azharuddin,8,7,0,332,93,47.42,425,78.11,0,4,1,29,1,India,1992,-,-,-,-,-,-,-,-,-,-,1,0,INDIA,Batsman
M Azharuddin,7,6,1,143,72*,28.60,194,73.71,0,1,1,10,1,India,1996,-,-,-,-,-,-,-,-,-,-,3,0,INDIA,Batsman
M Azharuddin,8,7,1,161,59,26.83,206,78.15,0,1,0,11,2,India,1999,-,-,-,-,-,-,-,-,-,-,5,0,INDIA,Batsman
DC Boon,8,8,0,447,93,55.87,583,76.67,0,5,0,38,3,Australia,1987,1.0,0,17,0,-,-,17.00,-,0,0,2,0,AUS,Batsman
DC Boon,8,8,1,368,100,52.57,534,68.91,2,0,0,34,2,Australia,1992,-,-,-,-,-,-,-,-,-,-,0,0,AUS,Batsman
AR Border,8,8,0,183,67,22.87,225,81.33,0,1,0,16,0,Australia,1987,32.0,0,166,6,2/27,27.66,5.18,32.0,0,0,1,0,AUS,All Rounder
AR Border,8,7,0,60,22,8.57,85,70.58,0,0,1,4,0,Australia,1992,14.0,0,53,1,1/40,53.00,3.78,84.0,0,0,5,0,AUS,All Rounder
EA Brandes,4,3,2,21,18*,21.00,15,140.00,0,0,1,1,2,Zimbabwe,1987,33.0,4,154,2,2/44,77.00,4.66,99.0,0,0,2,0,ZIM,Bowler
EA Brandes,8,6,1,71,23,14.20,101,70.29,0,0,0,5,1,Zimbabwe,1992,70.1,7,355,14,4/21,25.35,5.05,30.0,1,0,2,0,ZIM,Bowler
EA Brandes,2,1,0,7,7,7.00,13,53.84,0,0,0,1,0,Zimbabwe,1996,15.0,0,77,0,-,-,5.13,-,0,0,0,0,ZIM,Bowler
EA Brandes,2,2,1,21,19*,21.00,34,61.76,0,0,0,1,1,Zimbabwe,1999,11.0,0,55,0,-,-,5.00,-,0,0,1,0,ZIM,Bowler
MD Crowe,6,6,0,222,72,37.00,235,94.46,0,3,0,21,1,NewZealand,1987,-,-,-,-,-,-,-,-,-,-,4,0,NZ,Batsman
MD Crowe,9,9,5,456,100*,114.00,502,90.83,1,4,0,45,6,NewZealand,1992,1.0,0,6,0,-,-,6.00,-,0,0,3,0,NZ,Batsman
PA de Silva,6,6,2,101,42,25.25,135,74.81,0,0,0,5,1,SriLanka,1987,42.0,0,217,3,2/43,72.33,5.16,84.0,0,0,2,0,SL,All Rounder
PA de Silva,8,7,0,175,62,25.00,257,68.09,0,1,0,9,0,SriLanka,1992,1.0,0,6,0,-,-,6.00,-,0,0,1,0,SL,All Rounder
PA de Silva,6,6,1,448,145,89.60,416,107.69,2,2,0,57,7,SriLanka,1996,17.0,0,87,4,3/42,21.75,5.11,25.5,0,0,4,0,SL,All Rounder
PA de Silva,5,5,0,73,56,14.60,122,59.83,0,1,1,9,0,SriLanka,1999,17.0,0,85,0,-,-,5.00,-,0,0,1,0,SL,All Rounder
PA de Silva,10,8,0,267,92,33.37,299,89.29,0,2,1,27,7,SriLanka,2003,58.0,2,276,9,2/36,30.66,4.75,38.6,0,0,6,0,SL,All Rounder
GA Gooch,8,8,0,471,115,58.87,670,70.29,1,3,0,45,0,England,1987,15.0,1,79,1,1/42,79.00,5.26,90.0,0,0,2,0,ENG,Batsman
GA Gooch,8,8,0,216,65,27.00,419,51.55,0,3,1,17,0,England,1992,-,-,-,-,-,-,-,-,-,-,1,0,ENG,Batsman
DL Haynes,6,6,0,219,105,36.50,352,62.21,1,0,0,20,1,WestIndies,1987,-,-,-,-,-,-,-,-,-,-,1,0,WI,Batsman
DL Haynes,7,7,1,251,93*,41.83,443,56.65,0,1,0,23,2,WestIndies,1992,-,-,-,-,-,-,-,-,-,-,4,0,WI,Batsman
CL Hooper,6,5,2,42,22,14.00,65,64.61,0,0,0,4,0,WestIndies,1987,41.0,0,181,7,3/42,25.85,4.41,35.1,0,0,4,0,WI,All Rounder
CL Hooper,8,7,1,120,63,20.00,180,66.66,0,1,1,9,1,WestIndies,1992,80.0,2,312,8,2/19,39.00,3.90,60.0,0,0,4,0,WI,All Rounder
CL Hooper,6,6,1,99,45,19.80,124,79.83,0,0,1,3,1,WestIndies,2003,33.0,1,166,3,2/63,55.33,5.03,66.0,0,0,5,0,WI,All Rounder
DL Houghton,6,6,0,226,142,37.66,274,82.48,1,1,1,19,6,Zimbabwe,1987,-,-,-,-,-,-,-,-,-,-,3,2,ZIM,Batsman
DL Houghton,8,7,0,165,55,23.57,340,48.52,0,1,0,11,0,Zimbabwe,1992,2.0,0,19,1,1/19,19.00,9.50,12.0,0,0,4,0,ZIM,Batsman
Imran Khan,7,6,0,147,58,24.50,177,83.05,0,1,0,11,1,Pakistan,1987,49.5,6,222,17,4/37,13.05,4.45,17.5,2,0,1,0,PAK,All Rounder
Imran Khan,8,6,0,185,72,30.83,351,52.70,0,1,1,13,4,Pakistan,1992,60.2,2,251,7,2/32,35.85,4.16,51.7,0,0,1,0,PAK,All Rounder
Javed Miandad,7,7,1,274,103,45.66,374,73.26,1,1,0,18,0,Pakistan,1987,3.0,0,5,1,1/5,5.00,1.66,18.0,0,0,1,1,PAK,Batsman
Javed Miandad,9,9,2,437,89,62.42,698,62.60,0,5,0,27,0,Pakistan,1992,-,-,-,-,-,-,-,-,-,-,1,0,PAK,Batsman
Javed Miandad,5,3,1,54,38,27.00,104,51.92,0,0,0,3,0,Pakistan,1996,-,-,-,-,-,-,-,-,-,-,3,0,PAK,Batsman
N Kapil Dev,7,5,2,152,72*,50.66,120,126.66,0,1,0,9,4,India,1987,62.0,6,259,5,2/38,51.80,4.17,74.4,0,0,5,0,INDIA,All Rounder
N Kapil Dev,8,8,1,161,42,23.00,128,125.78,0,0,0,15,3,India,1992,58.0,2,251,9,3/41,27.88,4.32,38.6,0,0,0,0,INDIA,All Rounder
TM Moody,3,3,1,10,8,5.00,22,45.45,0,0,0,1,0,Australia,1987,2.0,0,15,0,-,-,7.50,-,0,0,1,0,AUS,All Rounder
TM Moody,8,8,0,202,57,25.25,337,59.94,0,2,0,13,0,Australia,1992,49.0,2,225,7,3/56,32.14,4.59,42.0,0,0,2,0,AUS,All Rounder
TM Moody,7,5,4,117,56*,117.00,90,130.00,0,1,1,11,3,Australia,1999,51.0,5,220,7,3/25,31.42,4.31,43.7,0,0,2,0,AUS,All Rounder
KS More,6,4,3,59,42*,59.00,49,120.40,0,0,1,7,0,India,1987,-,-,-,-,-,-,-,-,-,-,6,5,INDIA,Wicket Keeper
KS More,8,6,2,41,15*,10.25,37,110.81,0,0,0,3,1,India,1992,-,-,-,-,-,-,-,-,-,-,6,1,INDIA,Wicket Keeper
BP Patterson,6,2,2,4,4*,-,12,33.33,0,0,0,0,0,WestIndies,1987,56.0,2,253,14,3/31,18.07,4.51,24.0,0,0,1,0,WI,Bowler
BP Patterson,1,-,-,-,-,-,-,-,-,-,-,-,-,WestIndies,1992,10.0,0,25,1,1/25,25.00,2.50,60.0,0,0,1,0,WI,Bowler
A Ranatunga,5,5,2,252,86*,84.00,355,70.98,0,3,0,23,2,SriLanka,1987,8.0,0,58,0,-,-,7.25,-,0,0,1,0,SL,Batsman
A Ranatunga,8,7,2,262,88*,52.40,322,81.36,0,2,0,23,2,SriLanka,1992,18.0,0,94,3,2/26,31.33,5.22,36.0,0,0,1,0,SL,Batsman
A Ranatunga,6,6,4,241,75*,120.50,210,114.76,0,1,0,29,2,SriLanka,1996,11.0,0,68,2,2/31,34.00,6.18,33.0,0,0,1,0,SL,Batsman
A Ranatunga,5,5,0,134,50,26.80,191,70.15,0,1,0,13,1,SriLanka,1999,-,-,-,-,-,-,-,-,-,-,1,0,SL,Batsman
RB Richardson,6,6,0,271,110,45.16,380,71.31,1,2,1,25,3,WestIndies,1987,4.0,0,24,0,-,-,6.00,-,0,0,2,0,WI,Batsman
RB Richardson,8,8,1,132,56,18.85,265,49.81,0,1,0,5,2,WestIndies,1992,-,-,-,-,-,-,-,-,-,-,3,0,WI,Batsman
RB Richardson,6,6,2,236,93*,59.00,371,63.61,0,1,0,22,1,WestIndies,1996,-,-,-,-,-,-,-,-,-,-,1,0,WI,Batsman
KR Rutherford,5,5,0,204,75,40.80,276,73.91,0,1,0,15,4,NewZealand,1987,-,-,-,-,-,-,-,-,-,-,2,0,NZ,Batsman
KR Rutherford,9,7,2,212,65*,42.40,311,68.16,0,3,0,21,3,NewZealand,1992,1.4,0,11,0,-,-,6.60,-,0,0,3,0,NZ,Batsman
AJ Traicos,6,3,1,10,6,5.00,12,83.33,0,0,1,1,0,Zimbabwe,1987,58.0,2,218,6,2/27,36.33,3.75,58.0,0,0,0,0,ZIM,Bowler
AJ Traicos,8,5,3,35,16*,17.50,81,43.20,0,0,0,1,0,Zimbabwe,1992,62.0,5,253,6,3/35,42.16,4.08,62.0,0,0,0,0,ZIM,Bowler
CA Walsh,6,3,1,18,9*,9.00,17,105.88,0,0,0,2,0,WestIndies,1987,55.3,6,229,9,4/40,25.44,4.12,37.0,1,0,1,0,WI,Bowler
CA Walsh,6,3,1,13,9*,6.50,20,65.00,0,0,1,3,0,WestIndies,1996,55.3,9,210,7,3/46,30.00,3.78,47.5,0,0,2,0,WI,Bowler
CA Walsh,5,2,1,6,6,6.00,12,50.00,0,0,0,1,0,WestIndies,1999,47.0,8,108,11,4/25,9.81,2.29,25.6,1,0,0,0,WI,Bowler
Wasim Akram,7,6,0,85,39,14.16,80,106.25,0,0,1,3,4,Pakistan,1987,63.2,1,295,7,3/45,42.14,4.65,54.2,0,0,1,0,PAK,All Rounder
Wasim Akram,10,8,2,62,33,10.33,61,101.63,0,0,1,7,0,Pakistan,1992,89.4,2,338,18,4/32,18.77,3.76,29.8,1,0,1,0,PAK,All Rounder
Wasim Akram,5,2,2,60,32*,-,51,117.64,0,0,0,5,0,Pakistan,1996,33.2,3,135,3,2/25,45.00,4.05,66.6,0,0,1,0,PAK,All Rounder
Wasim Akram,10,9,2,148,43,21.14,160,92.50,0,0,1,11,6,Pakistan,1999,90.4,6,342,15,4/40,22.80,3.77,36.2,1,0,5,0,PAK,All Rounder
Wasim Akram,6,5,2,71,33,23.66,69,102.89,0,0,0,10,1,Pakistan,2003,47.3,4,201,12,5/28,16.75,4.23,23.7,0,1,0,0,PAK,All Rounder
SR Waugh,8,8,5,167,45,55.66,171,97.66,0,0,0,12,4,Australia,1987,63.3,4,288,11,2/36,26.18,4.53,34.6,0,0,3,0,AUS,All Rounder
SR Waugh,8,7,0,187,55,26.71,239,78.24,0,1,0,12,1,Australia,1992,60.4,1,277,8,3/36,34.62,4.56,45.5,0,0,2,0,AUS,All Rounder
SR Waugh,7,7,2,226,82,45.20,285,79.29,0,3,0,14,2,Australia,1996,31.0,2,157,5,2/22,31.40,5.06,37.2,0,0,3,0,AUS,All Rounder
SR Waugh,10,8,3,398,120*,79.60,512,77.73,1,2,0,35,6,Australia,1999,18.0,0,92,3,2/8,30.66,5.11,36.0,0,0,6,0,AUS,All Rounder
CEL Ambrose,7,4,1,33,15*,11.00,42,78.57,0,0,0,2,1,WestIndies,1992,68.0,6,235,7,2/24,33.57,3.45,58.2,0,0,1,0,WI,Bowler
CEL Ambrose,6,4,1,13,8,4.33,31,41.93,0,0,0,1,0,WestIndies,1996,56.3,9,170,10,3/28,17.00,3.00,33.9,0,0,0,0,WI,Bowler
CEL Ambrose,4,2,0,2,1,1.00,16,12.50,0,0,0,0,0,WestIndies,1999,40.0,5,94,7,3/31,13.42,2.35,34.2,0,0,0,0,WI,Bowler
CL Cairns,5,3,3,21,16*,-,18,116.66,0,0,0,3,0,NewZealand,1992,25.0,1,161,2,2/43,80.50,6.44,75.0,0,0,5,0,NZ,All Rounder
CL Cairns,6,6,0,139,52,23.16,150,92.66,0,1,0,11,5,NewZealand,1996,43.5,4,207,2,1/31,103.50,4.72,131.5,0,0,5,0,NZ,All Rounder
CL Cairns,9,8,3,182,60,36.40,243,74.89,0,1,1,12,5,NewZealand,1999,69.5,4,333,12,3/19,27.75,4.76,34.9,0,0,2,0,NZ,All Rounder
CL Cairns,8,7,1,223,54,37.16,273,81.68,0,1,0,15,6,NewZealand,2003,8.0,0,54,2,2/16,27.00,6.75,24.0,0,0,4,0,NZ,All Rounder
WJ Cronje,8,6,3,102,47*,34.00,148,68.91,0,0,0,6,0,SouthAfrica,1992,20.0,1,85,2,2/17,42.50,4.25,60.0,0,0,3,0,SA,All Rounder
WJ Cronje,6,6,1,276,78,55.20,316,87.34,0,2,0,20,6,SouthAfrica,1996,22.0,1,87,2,2/20,43.50,3.95,66.0,0,0,3,0,SA,All Rounder
WJ Cronje,9,8,0,98,39,12.25,127,77.16,0,0,2,7,2,SouthAfrica,1999,32.0,0,157,4,2/37,39.25,4.90,48.0,0,0,4,0,SA,All Rounder
AA Donald,9,1,0,3,3,3.00,6,50.00,0,0,0,0,0,SouthAfrica,1992,78.0,5,329,13,3/34,25.30,4.21,36.0,0,0,1,0,SA,Bowler
AA Donald,4,-,-,-,-,-,-,-,-,-,-,-,-,SouthAfrica,1996,34.0,0,126,8,3/21,15.75,3.70,25.5,0,0,0,0,SA,Bowler
AA Donald,9,3,1,10,7,5.00,34,29.41,0,0,1,0,0,SouthAfrica,1999,82.0,7,325,16,4/17,20.31,3.96,30.7,2,0,2,0,SA,Bowler
AA Donald,3,1,1,0,0*,-,0,-,0,0,0,0,0,SouthAfrica,2003,24.5,2,133,1,1/52,133.00,5.35,149.0,0,0,0,0,SA,Bowler
CZ Harris,9,6,1,44,14,8.80,78,56.41,0,0,0,3,0,NewZealand,1992,72.1,4,342,16,3/15,21.37,4.73,27.0,0,0,4,0,NZ,All Rounder
CZ Harris,4,4,0,156,130,39.00,173,90.17,1,0,0,14,4,NewZealand,1996,33.0,1,135,5,3/24,27.00,4.09,39.6,0,0,1,0,NZ,All Rounder
CZ Harris,9,4,1,115,42,38.33,205,56.09,0,0,0,3,0,NewZealand,1999,54.1,2,255,9,4/7,28.33,4.70,36.1,1,0,2,0,NZ,All Rounder
CZ Harris,6,6,3,116,38*,38.66,170,68.23,0,0,0,10,0,NewZealand,2003,35.0,3,129,2,1/19,64.50,3.68,105.0,0,0,0,0,NZ,All Rounder
IA Healy,7,6,2,51,16,12.75,68,75.00,0,0,1,2,1,Australia,1992,-,-,-,-,-,-,-,-,-,-,9,0,AUS,Wicket Keeper
IA Healy,7,5,0,59,31,11.80,56,105.35,0,0,0,4,0,Australia,1996,-,-,-,-,-,-,-,-,-,-,9,3,AUS,Wicket Keeper
GA Hick,10,9,1,264,83,33.00,334,79.04,0,3,1,24,2,England,1992,14.2,0,70,2,2/44,35.00,4.88,43.0,0,0,5,0,ENG,Batsman
GA Hick,5,5,1,212,104*,53.00,285,74.38,1,1,0,16,2,England,1996,20.0,0,119,3,2/45,39.66,5.95,40.0,0,0,1,0,ENG,Batsman
GA Hick,5,5,2,159,73*,53.00,239,66.52,0,2,1,13,2,England,1999,3.0,0,19,0,-,-,6.33,-,0,0,6,0,ENG,Batsman
AC Hudson,8,8,0,296,79,37.00,467,63.38,0,3,0,32,0,SouthAfrica,1992,-,-,-,-,-,-,-,-,-,-,0,0,SA,Batsman
AC Hudson,4,4,0,275,161,68.75,271,101.47,1,1,0,32,4,SouthAfrica,1996,-,-,-,-,-,-,-,-,-,-,2,0,SA,Batsman
ST Jayasuriya,6,5,0,74,32,14.80,82,90.24,0,0,0,5,2,SriLanka,1992,6.0,0,44,0,-,-,7.33,-,0,0,4,0,SL,All Rounder
ST Jayasuriya,6,6,0,221,82,36.83,168,131.54,0,2,0,29,8,SriLanka,1996,51.0,1,231,7,3/12,33.00,4.52,43.7,0,0,5,0,SL,All Rounder
ST Jayasuriya,5,5,0,82,39,16.40,140,58.57,0,0,0,9,1,SriLanka,1999,30.5,2,168,3,1/28,56.00,5.44,61.6,0,0,1,0,SL,All Rounder
ST Jayasuriya,10,10,2,321,120,40.12,420,76.42,1,2,0,30,2,SriLanka,2003,64.0,1,315,10,3/30,31.50,4.92,38.4,0,0,5,0,SL,All Rounder
ST Jayasuriya,11,11,1,467,115,46.70,475,98.31,2,2,0,47,14,SriLanka,2007,67.2,0,302,7,3/38,43.14,4.48,57.7,0,0,3,0,SL,All Rounder
BC Lara,8,8,1,333,88*,47.57,408,81.61,0,4,1,34+,1+,WestIndies,1992,-,-,-,-,-,-,-,-,-,-,2,0,WI,Batsman
BC Lara,6,6,1,269,111,53.80,256,105.07,1,1,0,33,2,WestIndies,1996,-,-,-,-,-,-,-,-,-,-,2,0,WI,Batsman
BC Lara,5,5,1,106,36,26.50,120,88.33,0,0,0,13,2,WestIndies,1999,-,-,-,-,-,-,-,-,-,-,5,0,WI,Batsman
BC Lara,6,6,0,248,116,41.33,306,81.04,1,1,0,25,7,WestIndies,2003,-,-,-,-,-,-,-,-,-,-,2,0,WI,Batsman
BC Lara,9,8,1,269,77,38.42,330,81.51,0,1,0,19,5,WestIndies,2007,-,-,-,-,-,-,-,-,-,-,5,0,WI,Batsman
BM McMillan,9,5,3,125,33*,62.50,154,81.16,0,0,0,4,0,SouthAfrica,1992,73.0,7,306,11,3/30,27.81,4.19,39.8,0,0,4,0,SA,All Rounder
BM McMillan,6,4,1,20,11,6.66,38,52.63,0,0,0,0,0,SouthAfrica,1996,43.0,5,127,6,3/11,21.16,2.95,43.0,0,0,4,0,SA,All Rounder
Moin Khan,10,5,2,44,20*,14.66,50,88.00,0,0,0,3,1,Pakistan,1992,-,-,-,-,-,-,-,-,-,-,11,3,PAK,Wicket Keeper
Moin Khan,10,9,2,242,63,34.57,219,110.50,0,1,0,20,6,Pakistan,1999,-,-,-,-,-,-,-,-,-,-,12,4,PAK,Wicket Keeper
Mushtaq Ahmed,9,4,1,27,17,9.00,56,48.21,0,0,0,1,0,Pakistan,1992,78.0,3,311,16,3/41,19.43,3.98,29.2,0,0,2,0,PAK,Bowler
Mushtaq Ahmed,6,1,0,0,0,0.00,2,0.00,0,0,1,0,0,Pakistan,1996,57.0,2,238,10,3/16,23.80,4.17,34.2,0,0,3,0,PAK,Bowler
J Srinath,8,6,5,34,11,34.00,28,121.42,0,0,0,1,0,India,1992,53.1,3,249,8,2/23,31.12,4.68,39.8,0,0,0,0,INDIA,Bowler
J Srinath,7,3,1,25,12*,12.50,22,113.63,0,0,0,4,0,India,1996,65.4,3,293,8,3/34,36.62,4.46,49.2,0,0,3,0,INDIA,Bowler
J Srinath,8,5,2,25,18,8.33,23,108.69,0,0,1,0,2,India,1999,73.2,11,313,12,3/37,26.08,4.26,36.6,0,0,0,0,INDIA,Bowler
J Srinath,11,4,1,1,1,0.33,7,14.28,0,0,2,0,0,India,2003,91.1,4,369,16,4/30,23.06,4.04,34.1,2,0,1,0,INDIA,Bowler
AJ Stewart,10,8,1,259,77,37.00,365,70.95,0,2,0,30,1,England,1992,-,-,-,-,-,-,-,-,-,-,8,1,ENG,Wicket Keeper
AJ Stewart,5,5,0,86,34,17.20,203,42.36,0,0,0,6,0,England,1996,-,-,-,-,-,-,-,-,-,-,0,0,ENG,Wicket Keeper
AJ Stewart,5,5,0,125,88,25.00,213,58.68,0,1,1,11,0,England,1999,-,-,-,-,-,-,-,-,-,-,7,0,ENG,Wicket Keeper
AJ Stewart,5,4,0,136,60,34.00,204,66.66,0,1,1,11,1,England,2003,-,-,-,-,-,-,-,-,-,-,6,1,ENG,Wicket Keeper
SR Tendulkar,8,7,1,283,84,47.16,334,84.73,0,3,0,24,1,India,1992,41.0,0,180,2,1/35,90.00,4.39,123.0,0,0,2,0,INDIA,Batsman
SR Tendulkar,7,7,1,523,137,87.16,609,85.87,2,3,0,57,7,India,1996,36.0,1,149,2,2/34,74.50,4.13,108.0,0,0,2,0,INDIA,Batsman
SR Tendulkar,7,7,1,253,140*,42.16,281,90.03,1,0,1,30,3,India,1999,9.0,0,63,0,-,-,7.00,-,0,0,2,0,INDIA,Batsman
SR Tendulkar,11,11,0,673,152,61.18,754,89.25,1,6,0,75,4,India,2003,18.0,0,77,2,2/28,38.50,4.27,54.0,0,0,4,0,INDIA,Batsman
SR Tendulkar,3,3,1,64,57*,32.00,58,110.34,0,1,1,3,4,India,2007,12.0,0,49,2,1/1,24.50,4.08,36.0,0,0,0,0,INDIA,Batsman
SR Tendulkar,9,9,0,482,120,53.55,524,91.98,2,2,0,52,8,India,2011,4.0,0,21,0,-,-,5.25,-,0,0,2,0,INDIA,Batsman
ME Waugh,5,5,1,145,66*,36.25,144,100.69,0,1,0,8,2,Australia,1992,5.0,0,40,0,-,-,8.00,-,0,0,4,0,AUS,Batsman
ME Waugh,7,7,1,484,130,80.66,563,85.96,3,1,1,40,6,Australia,1996,48.0,1,229,5,3/38,45.80,4.77,57.6,0,0,1,0,AUS,Batsman
ME Waugh,10,10,1,375,104,41.66,492,76.21,1,2,1,39,1,Australia,1999,9.0,0,44,0,-,-,4.88,-,0,0,6,0,AUS,Batsman
MG Bevan,7,5,1,125,69,31.25,179,69.83,0,1,0,6,1,Australia,1996,32.0,1,156,3,2/35,52.00,4.87,64.0,0,0,3,0,AUS,Batsman
MG Bevan,10,8,3,264,65,52.80,391,67.51,0,2,0,18,2,Australia,1999,18.0,1,81,1,1/26,81.00,4.50,108.0,0,0,2,0,AUS,Batsman
MG Bevan,9,5,2,148,74*,49.33,264,56.06,0,2,1,11,2,Australia,2003,-,-,-,-,-,-,-,-,-,-,1,0,AUS,Batsman
DJ Cullinan,6,6,2,255,69,63.75,305,83.60,0,2,0,16,3,SouthAfrica,1996,2.0,0,7,0,-,-,3.50,-,0,0,3,0,SA,Batsman
DJ Cullinan,9,9,1,216,50,27.00,391,55.24,0,1,1,21,3,SouthAfrica,1999,-,-,-,-,-,-,-,-,-,-,8,0,SA,Batsman
DW Fleming,6,1,0,0,0,0.00,1,0.00,0,0,1,0,0,Australia,1996,45.2,3,221,12,5/36,18.41,4.87,22.6,0,1,2,0,AUS,Bowler
DW Fleming,10,3,2,12,8*,12.00,16,75.00,0,0,1,0,0,Australia,1999,88.0,9,362,14,3/57,25.85,4.11,37.7,0,0,3,0,AUS,Bowler
SP Fleming,6,6,0,193,66,32.16,277,69.67,0,1,0,20,0,NewZealand,1996,2.0,0,8,1,1/8,8.00,4.00,12.0,0,0,3,0,NZ,Batsman
SP Fleming,9,9,1,208,69,26.00,338,61.53,0,1,1,23,0,NewZealand,1999,-,-,-,-,-,-,-,-,-,-,3,0,NZ,Batsman
SP Fleming,8,8,1,321,134*,45.85,374,85.82,1,0,0,51,2,NewZealand,2003,-,-,-,-,-,-,-,-,-,-,4,0,NZ,Batsman
SP Fleming,10,10,1,353,102*,39.22,409,86.30,1,3,1,40,9,NewZealand,2007,-,-,-,-,-,-,-,-,-,-,2,0,NZ,Batsman
D Gough,6,4,2,66,26*,33.00,70,94.28,0,0,0,8,0,England,1996,51.0,4,238,4,2/48,59.50,4.66,76.5,0,0,1,0,ENG,Bowler
D Gough,5,2,0,29,19,14.50,59,49.15,0,0,0,2,0,England,1999,48.4,4,192,11,4/34,17.45,3.94,26.5,1,0,1,0,ENG,Bowler
JH Kallis,5,4,2,63,26,31.50,97,64.94,0,0,0,3,0,SouthAfrica,1996,13.0,1,57,0,-,-,4.38,-,0,0,1,0,SA,All Rounder
JH Kallis,8,8,2,312,96,52.00,470,66.38,0,4,2,18,4,SouthAfrica,1999,66.0,5,260,8,3/26,32.50,3.93,49.5,0,0,1,0,SA,All Rounder
JH Kallis,6,4,0,63,33,15.75,89,70.78,0,0,0,4,1,SouthAfrica,2003,41.0,3,193,3,3/41,64.33,4.70,82.0,0,0,2,0,SA,All Rounder
JH Kallis,10,9,3,485,128*,80.83,578,83.91,1,3,0,43,7,SouthAfrica,2007,61.0,1,271,5,2/36,54.20,4.44,73.2,0,0,3,0,SA,All Rounder
JH Kallis,7,7,0,225,69,32.14,309,72.81,0,2,0,18,1,SouthAfrica,2011,30.0,3,123,5,2/19,24.60,4.10,36.0,0,0,6,0,SA,All Rounder
RS Kaluwitharana,6,6,0,73,33,12.16,52,140.38,0,0,2,12,2,SriLanka,1996,-,-,-,-,-,-,-,-,-,-,2,3,SL,Wicket Keeper
RS Kaluwitharana,5,5,1,90,57,22.50,126,71.42,0,1,0,11,0,SriLanka,1999,-,-,-,-,-,-,-,-,-,-,6,1,SL,Wicket Keeper
G Kirsten,6,6,1,391,188*,78.20,434,90.09,1,1,0,33,4,SouthAfrica,1996,3.0,1,9,0,-,-,3.00,-,0,0,2,0,SA,Batsman
G Kirsten,9,9,0,229,82,25.44,417,54.91,0,1,1,22,1,SouthAfrica,1999,-,-,-,-,-,-,-,-,-,-,5,0,SA,Batsman
G Kirsten,6,6,3,186,69,62.00,217,85.71,0,3,1,24,2,SouthAfrica,2003,-,-,-,-,-,-,-,-,-,-,2,0,SA,Batsman
A Kumble,7,3,1,27,17,13.50,28,96.42,0,0,0,5,0,India,1996,69.4,3,281,15,3/28,18.73,4.03,27.8,0,0,8,0,INDIA,Bowler
A Kumble,7,3,2,10,6*,10.00,15,66.66,0,0,0,0,0,India,1999,67.2,1,282,8,2/30,35.25,4.18,50.5,0,0,5,0,INDIA,Bowler
A Kumble,3,2,1,25,16*,25.00,45,55.55,0,0,0,1,0,India,2003,27.0,1,107,5,4/32,21.40,3.96,32.4,1,0,1,0,INDIA,Bowler
A Kumble,1,-,-,-,-,-,-,-,-,-,-,-,-,India,2007,9.1,0,38,3,3/38,12.66,4.14,18.3,0,0,0,0,INDIA,Bowler
GD McGrath,7,1,1,0,0*,-,0,-,0,0,0,0,0,Australia,1996,62.2,10,258,6,2/30,43.00,4.13,62.3,0,0,1,0,AUS,Bowler
GD McGrath,10,2,1,0,0*,0.00,3,0.00,0,0,1,0,0,Australia,1999,95.4,9,367,18,5/14,20.38,3.83,31.8,0,1,0,0,AUS,Bowler
GD McGrath,11,1,1,3,3*,-,2,150.00,0,0,0,0,0,Australia,2003,87.0,18,310,21,7/15,14.76,3.56,24.8,0,1,3,0,AUS,Bowler
GD McGrath,11,-,-,-,-,-,-,-,-,-,-,-,-,Australia,2007,80.5,5,357,26,3/14,13.73,4.41,18.6,0,0,1,0,AUS,Bowler
M Muralitharan,6,1,1,5,5*,-,4,125.00,0,0,0,0,0,SriLanka,1996,57.1,3,216,7,2/37,30.85,3.77,49.0,0,0,2,0,SL,Bowler
M Muralitharan,5,3,1,16,12,8.00,11,145.45,0,0,0,3,0,SriLanka,1999,43.0,3,158,6,3/25,26.33,3.67,43.0,0,0,2,0,SL,Bowler
M Muralitharan,10,5,1,38,16,9.50,49,77.55,0,0,0,5,0,SriLanka,2003,87.4,7,319,17,4/28,18.76,3.63,30.9,1,0,3,0,SL,Bowler
M Muralitharan,10,2,1,3,2*,3.00,3,100.00,0,0,0,0,0,SriLanka,2007,84.4,1,351,23,4/19,15.26,4.14,22.0,2,0,5,0,SL,Bowler
M Muralitharan,9,2,1,7,7,7.00,4,175.00,0,0,0,0,1,SriLanka,2011,71.0,1,291,15,4/25,19.40,4.09,28.4,1,0,1,0,SL,Bowler
MO Odumbe,6,5,0,112,50,22.40,206,54.36,0,1,1,8,0,Kenya,1996,42.5,6,187,6,3/15,31.16,4.36,42.8,0,0,1,0,KENYA,All Rounder
MO Odumbe,5,5,0,129,82,25.80,208,62.01,0,1,0,9,0,Kenya,1999,30.0,3,154,3,2/39,51.33,5.13,60.0,0,0,0,0,KENYA,All Rounder
MO Odumbe,8,8,3,211,52*,42.20,204,103.43,0,1,1,18,2,Kenya,2003,44.0,0,226,9,4/38,25.11,5.13,29.3,1,0,2,0,KENYA,All Rounder
SM Pollock,6,3,1,38,20*,19.00,48,79.16,0,0,0,1,0,SouthAfrica,1996,53.0,4,219,6,2/16,36.50,4.13,53.0,0,0,2,0,SA,All Rounder
SM Pollock,9,6,0,107,52,17.83,154,69.48,0,1,1,8,1,SouthAfrica,1999,84.0,11,283,9,5/36,31.44,3.36,56.0,0,1,4,0,SA,All Rounder
SM Pollock,6,4,0,71,32,17.75,74,95.94,0,0,0,1,2,SouthAfrica,2003,48.0,12,172,8,2/8,21.50,3.58,36.0,0,0,4,0,SA,All Rounder
SM Pollock,10,7,3,63,21*,15.75,93,67.74,0,0,0,3,1,SouthAfrica,2007,84.0,10,296,8,2/17,37.00,3.52,63.0,0,0,2,0,SA,All Rounder
RT Ponting,7,7,0,229,102,32.71,327,70.03,1,0,1,16,1,Australia,1996,-,-,-,-,-,-,-,-,-,-,1,0,AUS,Batsman
RT Ponting,10,10,1,354,69,39.33,532,66.54,0,1,0,32,5,Australia,1999,-,-,-,-,-,-,-,-,-,-,6,0,AUS,Batsman
RT Ponting,11,10,2,415,140*,51.87,472,87.92,2,1,0,29,13,Australia,2003,-,-,-,-,-,-,-,-,-,-,11,0,AUS,Batsman
RT Ponting,11,9,1,539,113,67.37,565,95.39,1,4,0,53,11,Australia,2007,-,-,-,-,-,-,-,-,-,-,7,0,AUS,Batsman
RT Ponting,7,6,0,206,104,34.33,284,72.53,1,0,0,15,1,Australia,2011,-,-,-,-,-,-,-,-,-,-,3,0,AUS,Batsman
BKV Prasad,7,2,1,0,0*,0.00,2,0.00,0,0,1,0,0,India,1996,65.0,1,312,8,3/45,39.00,4.80,48.7,0,0,1,0,INDIA,Bowler
BKV Prasad,7,3,1,4,2*,2.00,13,30.76,0,0,1,0,0,India,1999,64.5,4,266,9,5/27,29.55,4.10,43.2,0,1,1,0,INDIA,Bowler
Rashid Latif,6,2,0,26,26,13.00,26,100.00,0,0,1,1,2,Pakistan,1996,-,-,-,-,-,-,-,-,-,-,7,2,PAK,Wicket Keeper
Rashid Latif,6,5,1,122,36,30.50,107,114.01,0,0,1,9,3,Pakistan,2003,-,-,-,-,-,-,-,-,-,-,7,1,PAK,Wicket Keeper
Saeed Anwar,6,6,2,329,83*,82.25,343,95.91,0,3,0,29,5,Pakistan,1996,-,-,-,-,-,-,-,-,-,-,0,0,PAK,Batsman
Saeed Anwar,10,10,1,368,113*,40.88,511,72.01,2,0,0,42,0,Pakistan,1999,-,-,-,-,-,-,-,-,-,-,3,0,PAK,Batsman
Saeed Anwar,5,5,1,218,101,54.50,303,71.94,1,0,0,19,1,Pakistan,2003,4.0,0,15,1,1/15,15.00,3.75,24.0,0,0,0,0,PAK,Batsman
Saqlain Mushtaq,1,-,-,-,-,-,-,-,-,-,-,-,-,Pakistan,1996,10.0,1,38,2,2/38,19.00,3.80,30.0,0,0,1,0,PAK,Bowler
Saqlain Mushtaq,10,7,4,40,21,13.33,84,47.61,0,0,2,2,0,Pakistan,1999,83.4,4,379,17,5/35,22.29,4.52,29.5,0,1,3,0,PAK,Bowler
Saqlain Mushtaq,3,3,2,16,12*,16.00,37,43.24,0,0,0,2,0,Pakistan,2003,18.4,2,77,4,2/44,19.25,4.12,28.0,0,0,0,0,PAK,Bowler
PA Strang,6,4,3,52,22*,52.00,79,65.82,0,0,0,4,0,Zimbabwe,1996,42.1,4,192,12,5/21,16.00,4.55,21.0,1,1,1,0,ZIM,All Rounder
PA Strang,6,5,0,57,29,11.40,87,65.51,0,0,1,5,2,Zimbabwe,1999,44.3,2,196,3,2/22,65.33,4.40,89.0,0,0,1,0,ZIM,All Rounder
HH Streak,6,5,1,80,30,20.00,138,57.97,0,0,0,4,0,Zimbabwe,1996,44.0,8,175,4,3/60,43.75,3.97,66.0,0,0,1,0,ZIM,Bowler
HH Streak,8,7,4,82,18*,27.33,140,58.57,0,0,0,5,0,Zimbabwe,1999,68.0,3,326,11,3/35,29.63,4.79,37.0,0,0,2,0,ZIM,Bowler
HH Streak,8,6,2,166,72*,41.50,169,98.22,0,1,1,15,4,Zimbabwe,2003,63.0,2,303,7,2/35,43.28,4.80,54.0,0,0,4,0,ZIM,Bowler
GP Thorpe,6,6,2,254,89,63.50,333,76.27,0,2,0,19,1,England,1996,8.0,0,45,0,-,-,5.62,-,0,0,5,0,ENG,Batsman
GP Thorpe,5,4,1,125,62,41.66,181,69.06,0,1,0,16,0,England,1999,-,-,-,-,-,-,-,-,-,-,6,0,ENG,Batsman
SO Tikolo,6,5,0,196,96,39.20,242,80.99,0,2,1,16,6,Kenya,1996,10.0,0,83,1,1/26,83.00,8.30,60.0,0,0,3,0,KENYA,All Rounder
SO Tikolo,5,5,0,167,71,33.40,251,66.53,0,2,0,19,1,Kenya,1999,9.0,1,62,0,-,-,6.88,-,0,0,1,0,KENYA,All Rounder
SO Tikolo,9,9,0,206,56,22.88,360,57.22,0,2,0,22,2,Kenya,2003,36.3,1,153,9,3/14,17.00,4.19,24.3,0,0,1,0,KENYA,All Rounder
SO Tikolo,3,3,1,155,76,77.50,189,82.01,0,2,0,16,1,Kenya,2007,19.0,0,97,4,2/34,24.25,5.10,28.5,0,0,5,0,KENYA,All Rounder
SO Tikolo,5,5,0,44,13,8.80,86,51.16,0,0,0,5,0,Kenya,2011,21.0,1,117,1,1/44,117.00,5.57,126.0,0,0,0,0,KENYA,All Rounder
WPUJC Vaas,6,1,0,23,23,23.00,16,143.75,0,0,0,3,0,SriLanka,1996,49.0,6,193,6,2/30,32.16,3.93,49.0,0,0,0,0,SL,Bowler
WPUJC Vaas,5,5,3,60,29*,30.00,80,75.00,0,0,0,3,2,SriLanka,1999,47.0,4,230,7,3/46,32.85,4.89,40.2,0,0,1,0,SL,Bowler
WPUJC Vaas,10,8,3,102,28*,20.40,161,63.35,0,0,0,8,1,SriLanka,2003,88.0,14,331,23,6/25,14.39,3.76,22.9,1,1,3,0,SL,Bowler
WPUJC Vaas,10,4,2,34,19*,17.00,39,87.17,0,0,1,2,1,SriLanka,2007,77.4,15,286,13,3/33,22.00,3.68,35.8,0,0,3,0,SL,Bowler
Waqar Younis,6,1,1,4,4*,-,21,19.04,0,0,0,0,0,Pakistan,1996,54.0,5,253,13,4/26,19.46,4.68,24.9,1,0,2,0,PAK,Bowler
Waqar Younis,1,1,0,11,11,11.00,20,55.00,0,0,0,0,0,Pakistan,1999,9.0,1,36,2,2/36,18.00,4.00,27.0,0,0,0,0,PAK,Bowler
Waqar Younis,6,4,0,17,8,4.25,23,73.91,0,0,0,1,0,Pakistan,2003,30.1,2,177,7,2/37,25.28,5.86,25.8,0,0,3,0,PAK,Bowler
SK Warne,7,5,2,32,24,10.66,28,114.28,0,0,1,1,2,Australia,1996,68.3,3,263,12,4/34,21.91,3.83,34.2,2,0,1,0,AUS,Bowler
SK Warne,10,4,1,34,18,11.33,44,77.27,0,0,0,3,0,Australia,1999,94.2,13,361,20,4/29,18.05,3.82,28.3,2,0,1,0,AUS,Bowler
Abdul Razzaq,9,8,0,170,60,21.25,392,43.36,0,1,1,12,2,Pakistan,1999,77.0,5,302,13,3/25,23.23,3.92,35.5,0,0,1,0,PAK,All Rounder
Abdul Razzaq,5,5,0,99,47,19.80,148,66.89,0,0,0,10,0,Pakistan,2003,26.0,0,129,1,1/23,129.00,4.96,156.0,0,0,2,0,PAK,All Rounder
Abdul Razzaq,8,6,2,104,62,26.00,125,83.20,0,1,0,13,0,Pakistan,2011,37.0,6,161,5,2/8,32.20,4.35,44.4,0,0,0,0,PAK,All Rounder
MS Atapattu,5,5,0,139,54,27.80,205,67.80,0,2,0,12,0,SriLanka,1999,-,-,-,-,-,-,-,-,-,-,1,0,SL,Batsman
MS Atapattu,10,10,3,382,124,54.57,452,84.51,2,1,1,50,0,SriLanka,2003,-,-,-,-,-,-,-,-,-,-,2,0,SL,Batsman
JAR Blain,5,5,1,15,9,3.75,50,30.00,0,0,2,0,0,Scotland,1999,37.1,1,210,10,4/37,21.00,5.65,22.3,1,0,1,0,SCOT,Bowler
JAR Blain,3,2,1,41,23,41.00,63,65.07,0,0,0,2,2,Scotland,2007,13.0,0,90,2,2/29,45.00,6.92,39.0,0,0,0,0,SCOT,Bowler
MV Boucher,9,8,3,79,34,15.80,127,62.20,0,0,0,5,2,SouthAfrica,1999,-,-,-,-,-,-,-,-,-,-,11,0,SA,Wicket Keeper
MV Boucher,6,4,1,125,49,41.66,149,83.89,0,0,0,8,2,SouthAfrica,2003,-,-,-,-,-,-,-,-,-,-,11,0,SA,Wicket Keeper
MV Boucher,10,7,1,177,75*,29.50,129,137.20,0,2,2,13,11,SouthAfrica,2007,-,-,-,-,-,-,-,-,-,-,9,0,SA,Wicket Keeper
R Dravid,8,8,1,461,145,65.85,539,85.52,2,3,0,49,1,India,1999,-,-,-,-,-,-,-,-,-,-,2,0,INDIA,Batsman
R Dravid,11,10,5,318,62,63.60,496,64.11,0,2,0,21,1,India,2003,-,-,-,-,-,-,-,-,-,-,15,1,INDIA,Batsman
R Dravid,3,3,1,81,60,40.50,112,72.32,0,1,0,6,1,India,2007,-,-,-,-,-,-,-,-,-,-,0,0,INDIA,Batsman
A Flintoff,5,2,0,15,15,7.50,30,50.00,0,0,1,1,1,England,1999,18.0,0,96,2,1/28,48.00,5.33,54.0,0,0,0,0,ENG,All Rounder
A Flintoff,5,5,0,156,64,31.20,217,71.88,0,1,1,11,6,England,2003,48.4,9,140,7,2/15,20.00,2.87,41.7,0,0,3,0,ENG,All Rounder
A Flintoff,8,7,0,92,43,13.14,140,65.71,0,0,1,9,1,England,2007,69.0,3,298,14,4/43,21.28,4.31,29.5,1,0,3,0,ENG,All Rounder
SC Ganguly,7,7,0,379,183,54.14,467,81.15,1,1,0,39,8,India,1999,38.0,0,195,6,3/27,32.50,5.13,38.0,0,0,0,0,INDIA,All Rounder
SC Ganguly,11,11,3,465,112*,58.12,565,82.30,3,0,1,30,15,India,2003,20.0,1,88,3,3/22,29.33,4.40,40.0,0,0,1,0,INDIA,All Rounder
SC Ganguly,3,3,0,162,89,54.00,266,60.90,0,2,0,10,2,India,2007,4.0,0,22,1,1/22,22.00,5.50,24.0,0,0,0,0,INDIA,All Rounder
HH Gibbs,9,9,0,341,101,37.88,467,73.01,1,2,1,34,4,SouthAfrica,1999,-,-,-,-,-,-,-,-,-,-,2,0,SA,Batsman
HH Gibbs,6,6,2,384,143,96.00,381,100.78,1,2,0,52,10,SouthAfrica,2003,-,-,-,-,-,-,-,-,-,-,1,0,SA,Batsman
HH Gibbs,10,8,2,342,72,57.00,373,91.68,0,4,0,20,14,SouthAfrica,2007,-,-,-,-,-,-,-,-,-,-,7,0,SA,Batsman
AC Gilchrist,10,10,0,224,63,22.40,284,78.87,0,2,1,27,2,Australia,1999,-,-,-,-,-,-,-,-,-,-,12,2,AUS,Wicket Keeper
AC Gilchrist,10,10,0,408,99,40.80,387,105.42,0,4,0,56,7,Australia,2003,-,-,-,-,-,-,-,-,-,-,21,0,AUS,Wicket Keeper
AC Gilchrist,11,11,1,453,149,45.30,436,103.89,1,2,0,58,10,Australia,2007,-,-,-,-,-,-,-,-,-,-,12,5,AUS,Wicket Keeper
RD Jacobs,5,4,2,205,80*,102.50,408,50.24,0,2,0,18,3,WestIndies,1999,-,-,-,-,-,-,-,-,-,-,14,0,WI,Wicket Keeper
RD Jacobs,6,4,2,65,50,32.50,92,70.65,0,1,1,3,1,WestIndies,2003,-,-,-,-,-,-,-,-,-,-,7,1,WI,Wicket Keeper
DPMD Jayawardene,4,4,0,102,45,25.50,106,96.22,0,0,0,16,0,SriLanka,1999,24.0,0,131,2,2/56,65.50,5.45,72.0,0,0,0,0,SL,Batsman
DPMD Jayawardene,9,7,0,21,9,3.00,58,36.20,0,0,2,2,0,SriLanka,2003,-,-,-,-,-,-,-,-,-,-,2,0,SL,Batsman
DPMD Jayawardene,11,11,2,548,115*,60.88,644,85.09,1,4,0,40,10,SriLanka,2007,-,-,-,-,-,-,-,-,-,-,5,0,SL,Batsman
DPMD Jayawardene,9,7,1,304,103*,50.66,304,100.00,2,1,0,32,1,SriLanka,2011,-,-,-,-,-,-,-,-,-,-,8,0,SL,Batsman
DPMD Jayawardene,7,5,0,125,100,25.00,168,74.40,1,0,1,9,1,SriLanka,2015,-,-,-,-,-,-,-,-,-,-,1,0,SL,Batsman
Khaled Mahmud,5,5,0,49,27,9.80,79,62.02,0,0,1,3,0,Bangladesh,1999,36.5,6,145,6,3/31,24.16,3.93,36.8,0,0,0,0,BDESH,Bowler
Khaled Mahmud,4,3,0,38,23,12.66,71,53.52,0,0,0,2,1,Bangladesh,2003,32.0,2,153,6,3/46,25.50,4.78,32.0,0,0,2,0,BDESH,Bowler
L Klusener,9,8,6,281,52*,140.50,230,122.17,0,2,0,26,10,SouthAfrica,1999,75.5,5,350,17,5/21,20.58,4.61,26.7,0,1,1,0,SA,All Rounder
L Klusener,5,3,2,91,57,91.00,77,118.18,0,1,0,5,6,SouthAfrica,2003,25.0,2,137,5,4/16,27.40,5.48,30.0,1,0,1,0,SA,All Rounder
DS Lehmann,9,8,2,136,76,22.66,172,79.06,0,1,1,14,0,Australia,1999,2.0,0,17,0,-,-,8.50,-,0,0,0,0,AUS,All Rounder
DS Lehmann,10,8,3,224,56*,44.80,272,82.35,0,2,0,20,3,Australia,2003,36.0,0,138,6,2/22,23.00,3.83,36.0,0,0,2,0,AUS,All Rounder
HK Olonga,7,5,4,13,5*,13.00,49,26.53,0,0,0,1,0,Zimbabwe,1999,36.2,1,230,8,3/22,28.75,6.33,27.2,0,0,1,0,ZIM,Bowler
HK Olonga,2,1,0,3,3,3.00,12,25.00,0,0,0,0,0,Zimbabwe,2003,7.0,1,29,1,1/21,29.00,4.14,42.0,0,0,0,0,ZIM,Bowler
Shahid Afridi,8,7,0,93,37,13.28,104,89.42,0,0,0,8,3,Pakistan,1999,22.0,1,115,1,1/26,115.00,5.22,132.0,0,0,3,0,PAK,All Rounder
Shahid Afridi,3,3,0,16,9,5.33,21,76.19,0,0,0,2,1,Pakistan,2003,26.3,0,144,3,2/36,48.00,5.43,53.0,0,0,2,0,PAK,All Rounder
Shahid Afridi,1,1,0,16,16,16.00,10,160.00,0,0,0,1,1,Pakistan,2007,4.0,0,20,3,3/20,6.66,5.00,8.0,0,0,0,0,PAK,All Rounder
Shahid Afridi,8,7,0,84,20,12.00,67,125.37,0,0,0,9,1,Pakistan,2011,74.3,4,270,21,5/16,12.85,3.62,21.2,2,2,5,0,PAK,All Rounder
Shahid Afridi,7,6,1,116,28,23.20,87,133.33,0,0,1,10,6,Pakistan,2015,57.0,2,282,2,2/35,141.00,4.94,171.0,0,0,3,0,PAK,All Rounder
Shoaib Akhtar,10,4,4,4,2*,-,15,26.66,0,0,0,0,0,Pakistan,1999,80.5,6,391,16,3/11,24.43,4.83,30.3,0,0,1,0,PAK,Bowler
Shoaib Akhtar,6,4,3,72,43,72.00,51,141.17,0,0,0,5,4,Pakistan,2003,44.0,2,252,11,4/46,22.90,5.72,24.0,1,0,1,0,PAK,Bowler
Shoaib Akhtar,3,1,0,0,0,0.00,2,0.00,0,0,1,0,0,Pakistan,2011,24.0,1,122,3,2/42,40.66,5.08,48.0,0,0,0,0,PAK,Bowler
A Bagai,6,6,1,56,28*,11.20,111,50.45,0,0,0,5,0,Canada,2003,-,-,-,-,-,-,-,-,-,-,8,2,CAN,Wicket Keeper
A Bagai,3,3,0,62,37,20.66,123,50.40,0,0,0,6,0,Canada,2007,-,-,-,-,-,-,-,-,-,-,3,0,CAN,Wicket Keeper
A Bagai,6,6,1,225,84,45.00,322,69.87,0,2,1,27,0,Canada,2011,-,-,-,-,-,-,-,-,-,-,8,0,CAN,Wicket Keeper
SE Bond,8,3,2,5,3,5.00,21,23.80,0,0,0,0,0,NewZealand,2003,78.0,12,305,17,6/23,17.94,3.91,27.5,0,1,3,0,NZ,Bowler
SE Bond,8,2,1,2,2,2.00,4,50.00,0,0,0,0,0,NewZealand,2007,69.4,9,213,13,3/31,16.38,3.05,32.1,0,0,3,0,NZ,Bowler
PD Collingwood,5,5,2,137,66*,45.66,184,74.45,0,1,0,10,1,England,2003,4.0,0,15,1,1/15,15.00,3.75,24.0,0,0,4,0,ENG,All Rounder
PD Collingwood,9,9,3,276,90,46.00,368,75.00,0,2,0,24,4,England,2007,58.0,0,292,6,2/33,48.66,5.03,58.0,0,0,8,0,ENG,All Rounder
PD Collingwood,4,4,1,61,30*,20.33,52,117.30,0,0,0,3,1,England,2011,23.0,0,116,1,1/46,116.00,5.04,138.0,0,0,1,0,ENG,All Rounder
JM Davison,6,6,0,226,111,37.66,190,118.94,1,1,1,21,12,Canada,2003,42.0,5,187,10,3/15,18.70,4.45,25.2,0,0,1,0,CAN,Bowler
JM Davison,3,3,0,81,52,27.00,75,108.00,0,1,0,14,1,Canada,2007,29.0,1,130,2,2/67,65.00,4.48,87.0,0,0,2,0,CAN,Bowler
JM Davison,5,5,1,33,15,8.25,43,76.74,0,0,2,6,0,Canada,2011,35.0,1,197,5,2/56,39.40,5.62,42.0,0,0,5,0,CAN,Bowler
CH Gayle,6,6,0,206,119,34.33,295,69.83,1,1,1,22,2,WestIndies,2003,34.0,2,168,4,2/60,42.00,4.94,51.0,0,0,3,0,WI,All Rounder
CH Gayle,9,9,0,228,79,25.33,272,83.82,0,1,0,28,6,WestIndies,2007,59.1,1,281,5,2/23,56.20,4.74,71.0,0,0,2,0,WI,All Rounder
CH Gayle,5,5,1,170,80,42.50,179,94.97,0,1,0,23,3,WestIndies,2011,6.0,0,26,0,-,-,4.33,-,0,0,3,0,WI,All Rounder
CH Gayle,6,6,0,340,215,56.66,290,117.24,1,1,0,17,26,WestIndies,2015,18.0,0,97,5,2/21,19.40,5.38,21.6,0,0,5,0,WI,All Rounder
CH Gayle,9,8,0,242,87,30.25,274,88.32,0,2,1,26,12,WestIndies,2019,15.0,0,80,2,1/8,40.00,5.33,45.0,0,0,4,0,WI,All Rounder
AJ Hall,3,1,1,22,22*,-,11,200.00,0,0,0,2,1,SouthAfrica,2003,23.0,3,103,5,2/15,20.60,4.47,27.6,0,0,0,0,SA,Bowler
AJ Hall,9,4,1,28,17,9.33,38,73.68,0,0,1,1,0,SouthAfrica,2007,76.0,5,335,14,5/18,23.92,4.40,32.5,0,1,2,0,SA,Bowler
ML Hayden,11,11,1,328,88,32.80,410,80.00,0,1,0,37,5,Australia,2003,-,-,-,-,-,-,-,-,-,-,0,0,AUS,Batsman
ML Hayden,11,10,1,659,158,73.22,652,101.07,3,1,0,69,18,Australia,2007,-,-,-,-,-,-,-,-,-,-,7,0,AUS,Batsman
Z Khan,11,5,1,18,13*,4.50,27,66.66,0,0,2,2,0,India,2003,88.2,5,374,18,4/42,20.77,4.23,29.4,1,0,6,0,INDIA,Bowler
Z Khan,3,2,1,16,15*,16.00,22,72.72,0,0,0,2,0,India,2007,29.0,3,122,5,2/32,24.40,4.20,34.8,0,0,0,0,INDIA,Bowler
Z Khan,9,4,0,18,9,4.50,21,85.71,0,0,1,2,0,India,2011,81.3,4,394,21,3/20,18.76,4.83,23.2,0,0,4,0,INDIA,Bowler
B Lee,10,3,1,23,15*,11.50,35,65.71,0,0,0,0,2,Australia,2003,83.1,9,394,22,5/42,17.90,4.73,22.6,0,1,8,0,AUS,Bowler
B Lee,7,1,0,5,5,5.00,8,62.50,0,0,0,1,0,Australia,2011,54.2,6,235,13,4/28,18.07,4.32,25.0,2,0,4,0,AUS,Bowler
A Nehra,9,1,1,8,8*,-,4,200.00,0,0,0,2,0,India,2003,69.1,9,289,15,6/23,19.26,4.17,27.6,1,1,0,0,INDIA,Bowler
A Nehra,3,2,0,1,1,0.50,5,20.00,0,0,1,0,0,India,2011,23.4,1,120,3,2/33,40.00,5.07,47.3,0,0,1,0,INDIA,Bowler
M Ntini,6,2,0,14,14,7.00,8,175.00,0,0,1,1,1,SouthAfrica,2003,52.1,6,176,10,4/24,17.60,3.37,31.3,1,0,0,0,SA,Bowler
M Ntini,7,3,0,15,8,5.00,20,75.00,0,0,1,2,0,SouthAfrica,2007,63.0,4,293,6,2/26,48.83,4.65,63.0,0,0,1,0,SA,Bowler
CO Obuya,9,7,1,88,29,14.66,137,64.23,0,0,1,4,2,Kenya,2003,77.5,4,374,13,5/24,28.76,4.80,35.9,0,1,4,0,KENYA,All Rounder
CO Obuya,3,2,0,31,21,15.50,44,70.45,0,0,0,2,0,Kenya,2007,3.0,0,8,0,-,-,2.66,-,0,0,1,0,KENYA,All Rounder
CO Obuya,6,6,1,243,98*,48.60,347,70.02,0,2,0,21,7,Kenya,2011,11.4,0,80,1,1/33,80.00,6.85,70.0,0,0,1,0,KENYA,All Rounder
KC Sangakkara,10,9,2,176,39*,25.14,239,73.64,0,0,0,16,0,SriLanka,2003,-,-,-,-,-,-,-,-,-,-,15,2,SL,Wicket Keeper
KC Sangakkara,11,11,1,350,76,35.00,465,75.26,0,4,1,30,2,SriLanka,2007,-,-,-,-,-,-,-,-,-,-,11,4,SL,Wicket Keeper
KC Sangakkara,9,8,3,465,111,93.00,555,83.78,1,3,0,44,5,SriLanka,2011,-,-,-,-,-,-,-,-,-,-,10,4,SL,Wicket Keeper
KC Sangakkara,7,7,2,541,124,108.20,511,105.87,4,0,0,57,7,SriLanka,2015,-,-,-,-,-,-,-,-,-,-,5,3,SL,Wicket Keeper
RR Sarwan,5,5,3,209,75,104.50,218,95.87,0,1,0,23,4,WestIndies,2003,-,-,-,-,-,-,-,-,-,-,1,0,WI,Batsman
RR Sarwan,9,9,1,375,92,46.87,481,77.96,0,2,0,32,5,WestIndies,2007,13.0,1,73,2,1/17,36.50,5.61,39.0,0,0,1,0,WI,Batsman
RR Sarwan,7,6,0,155,49,25.83,275,56.36,0,0,0,16,1,WestIndies,2011,-,-,-,-,-,-,-,-,-,-,1,0,WI,Batsman
V Sehwag,11,11,0,299,82,27.18,345,86.66,0,2,0,37,7,India,2003,22.0,2,88,2,1/3,44.00,4.00,66.0,0,0,8,0,INDIA,Batsman
V Sehwag,3,3,0,164,114,54.66,139,117.98,1,0,0,22,4,India,2007,10.0,0,32,2,2/17,16.00,3.20,30.0,0,0,0,0,INDIA,Batsman
V Sehwag,8,8,0,380,175,47.50,310,122.58,1,1,1,49,7,India,2011,-,-,-,-,-,-,-,-,-,-,3,0,INDIA,Batsman
GC Smith,3,3,0,121,63,40.33,141,85.81,0,1,0,16,0,SouthAfrica,2003,1.0,0,10,0,-,-,10.00,-,0,0,2,0,SA,Batsman
GC Smith,10,10,1,443,91,49.22,424,104.48,0,5,0,55,6,SouthAfrica,2007,25.0,0,152,4,2/56,38.00,6.08,37.5,0,0,8,0,SA,Batsman
GC Smith,7,7,0,183,45,26.14,300,61.00,0,0,0,13,0,SouthAfrica,2011,-,-,-,-,-,-,-,-,-,-,5,0,SA,Batsman
SB Styris,8,7,2,268,141,53.60,263,101.90,1,1,0,12,9,NewZealand,2003,34.4,0,183,4,2/23,45.75,5.27,52.0,0,0,5,0,NZ,All Rounder
SB Styris,10,9,3,499,111*,83.16,598,83.44,1,4,0,45,6,NewZealand,2007,57.0,3,242,9,4/43,26.88,4.24,38.0,1,0,5,0,NZ,All Rounder
SB Styris,8,6,0,142,57,23.66,165,86.06,0,1,1,12,2,NewZealand,2011,28.4,0,127,4,2/17,31.75,4.43,43.0,0,0,3,0,NZ,All Rounder
A Symonds,9,5,3,326,143*,163.00,360,90.55,1,2,1,32,6,Australia,2003,27.0,1,123,2,2/7,61.50,4.55,81.0,0,0,4,0,AUS,Batsman
A Symonds,9,8,5,189,63*,63.00,192,98.43,0,1,0,19,4,Australia,2007,22.2,1,135,3,1/6,45.00,6.04,44.6,0,0,3,0,AUS,Batsman
DL Vettori,7,3,0,36,13,12.00,74,48.64,0,0,0,5,0,NewZealand,2003,65.0,1,259,2,1/38,129.50,3.98,195.0,0,0,0,0,NZ,Bowler
DL Vettori,10,5,1,28,14*,7.00,29,96.55,0,0,1,3,0,NewZealand,2007,97.4,2,447,16,4/23,27.93,4.57,36.6,1,0,2,0,NZ,Bowler
DL Vettori,6,3,1,53,44,26.50,50,106.00,0,0,0,6,0,NewZealand,2011,43.0,4,155,3,2/25,51.66,3.60,86.0,0,0,1,0,NZ,Bowler
DL Vettori,9,6,4,50,16*,25.00,46,108.69,0,0,0,6,1,NewZealand,2015,75.5,5,307,15,4/18,20.46,4.04,30.3,1,0,6,0,NZ,Bowler
Yuvraj Singh,11,10,3,240,58*,34.28,281,85.40,0,2,1,23,2,India,2003,14.3,2,70,5,4/6,14.00,4.82,17.4,1,0,1,0,INDIA,All Rounder
Yuvraj Singh,3,3,0,136,83,45.33,116,117.24,0,1,0,6,8,India,2007,3.0,0,15,0,-,-,5.00,-,0,0,0,0,INDIA,All Rounder
Yuvraj Singh,9,8,4,362,113,90.50,420,86.19,1,4,1,39,3,India,2011,75.0,2,377,15,5/31,25.13,5.02,30.0,0,1,3,0,INDIA,All Rounder
Abdur Razzak,9,6,1,29,15,5.80,54,53.70,0,0,2,3,0,Bangladesh,2007,73.4,4,344,13,3/20,26.46,4.66,34.0,0,0,2,0,BDESH,Bowler
Abdur Razzak,6,5,1,15,11,3.75,34,44.11,0,0,1,0,0,Bangladesh,2011,48.0,5,220,7,3/29,31.42,4.58,41.1,0,0,0,0,BDESH,Bowler
DJ Bravo,9,8,2,129,37*,21.50,158,81.64,0,0,0,10,2,WestIndies,2007,64.5,4,361,13,3/42,27.76,5.56,29.9,0,0,5,0,WI,All Rounder
DJ Bravo,1,1,0,40,40,40.00,37,108.10,0,0,0,1,3,WestIndies,2011,2.1,0,12,0,-,-,5.53,-,0,0,0,0,WI,All Rounder
MJ Clarke,11,9,4,436,93*,87.20,459,94.98,0,4,0,40,7,Australia,2007,17.0,0,96,2,2/33,48.00,5.64,51.0,0,0,5,0,AUS,Batsman
MJ Clarke,7,6,3,233,93,77.66,256,91.01,0,2,0,20,1,Australia,2011,8.0,0,40,0,-,-,5.00,-,0,0,2,0,AUS,Batsman
MJ Clarke,7,6,0,219,74,36.50,228,96.05,0,2,0,25,3,Australia,2015,5.0,0,14,1,1/14,14.00,2.80,30.0,0,0,5,0,AUS,Batsman
AB de Villiers,10,10,0,372,146,37.20,369,100.81,1,2,4,47,9,SouthAfrica,2007,-,-,-,-,-,-,-,-,-,-,5,0,SA,Batsman
AB de Villiers,5,5,1,353,134,88.25,326,108.28,2,1,0,31,7,SouthAfrica,2011,-,-,-,-,-,-,-,-,-,-,1,0,SA,Batsman
AB de Villiers,8,7,2,482,162*,96.40,334,144.31,1,3,0,43,21,SouthAfrica,2015,14.0,0,86,4,2/15,21.50,6.14,21.0,0,0,6,0,SA,Batsman
MS Dhoni,3,3,0,29,29,9.66,29,100.00,0,0,2,2,1,India,2007,-,-,-,-,-,-,-,-,-,-,5,2,INDIA,Wicket Keeper
MS Dhoni,9,8,3,241,91*,48.20,295,81.69,0,1,0,19,3,India,2011,-,-,-,-,-,-,-,-,-,-,7,3,INDIA,Wicket Keeper
MS Dhoni,8,6,2,237,85*,59.25,232,102.15,0,2,0,18,6,India,2015,-,-,-,-,-,-,-,-,-,-,15,0,INDIA,Wicket Keeper
MS Dhoni,9,8,2,273,56*,45.50,311,87.78,0,2,0,20,5,India,2019,-,-,-,-,-,-,-,-,-,-,7,3,INDIA,Wicket Keeper
TM Dilshan,11,9,2,217,58,31.00,236,91.94,0,1,0,15,2,SriLanka,2007,36.5,3,158,5,2/22,31.60,4.28,44.2,0,0,3,0,SL,All Rounder
TM Dilshan,9,9,1,500,144,62.50,551,90.74,2,2,0,61,4,SriLanka,2011,31.0,2,126,8,4/4,15.75,4.06,23.2,1,0,6,0,SL,All Rounder
TM Dilshan,7,7,1,395,161*,65.83,409,96.57,2,1,2,46,3,SriLanka,2015,33.2,0,163,5,2/35,32.60,4.89,40.0,0,0,3,0,SL,All Rounder
DT Johnston,8,8,2,129,30,21.50,144,89.58,0,0,1,8,5,Ireland,2007,50.2,3,258,8,2/40,32.25,5.12,37.7,0,0,5,0,IRE,All Rounder
DT Johnston,5,4,1,42,17,14.00,46,91.30,0,0,0,4,1,Ireland,2011,43.2,2,240,8,2/16,30.00,5.53,32.5,0,0,3,0,IRE,All Rounder
Kamran Akmal,3,3,0,42,27,14.00,74,56.75,0,0,1,6,0,Pakistan,2007,-,-,-,-,-,-,-,-,-,-,3,2,PAK,Wicket Keeper
Kamran Akmal,8,7,1,207,55,34.50,278,74.46,0,1,0,28,0,Pakistan,2011,-,-,-,-,-,-,-,-,-,-,8,4,PAK,Wicket Keeper
SL Malinga,8,3,1,12,10,6.00,15,80.00,0,0,0,0,1,SriLanka,2007,58.2,6,284,18,4/54,15.77,4.86,19.4,1,0,2,0,SL,Bowler
SL Malinga,7,1,0,6,6,6.00,4,150.00,0,0,0,0,1,SriLanka,2011,48.4,0,270,13,6/38,20.76,5.54,22.4,0,1,0,0,SL,Bowler
SL Malinga,7,4,1,4,3,1.33,12,33.33,0,0,1,0,0,SriLanka,2015,63.4,1,354,12,3/35,29.50,5.56,31.8,0,0,3,0,SL,Bowler
SL Malinga,7,5,0,11,4,2.20,28,39.28,0,0,0,2,0,SriLanka,2019,61.4,4,373,13,4/43,28.69,6.04,28.4,1,0,0,0,SL,Bowler
Mohammad Hafeez,2,2,0,15,11,7.50,34,44.11,0,0,0,3,0,Pakistan,2007,13.0,0,54,3,2/39,18.00,4.15,26.0,0,0,2,0,PAK,All Rounder
Mohammad Hafeez,8,8,1,215,61*,30.71,265,81.13,0,1,0,32,1,Pakistan,2011,55.0,4,193,8,2/16,24.12,3.50,41.2,0,0,0,0,PAK,All Rounder
Mohammad Hafeez,8,8,0,253,84,31.62,285,88.77,0,1,0,22,5,Pakistan,2019,32.0,1,189,2,1/43,94.50,5.90,96.0,0,0,5,0,PAK,All Rounder
CB Mpofu,3,2,0,1,1,0.50,10,10.00,0,0,1,0,0,Zimbabwe,2007,29.0,5,166,4,2/58,41.50,5.72,43.5,0,0,0,0,ZIM,Bowler
CB Mpofu,4,3,1,6,3*,3.00,21,28.57,0,0,0,0,0,Zimbabwe,2011,27.0,1,159,7,4/62,22.71,5.88,23.1,1,0,1,0,ZIM,Bowler
Mushfiqur Rahim,9,8,3,131,56*,26.20,273,47.98,0,1,1,9,2,Bangladesh,2007,-,-,-,-,-,-,-,-,-,-,3,0,BDESH,Wicket Keeper
Mushfiqur Rahim,6,6,1,81,36,16.20,153,52.94,0,0,1,6,1,Bangladesh,2011,-,-,-,-,-,-,-,-,-,-,3,4,BDESH,Wicket Keeper
Mushfiqur Rahim,6,6,0,298,89,49.66,282,105.67,0,3,0,26,5,Bangladesh,2015,-,-,-,-,-,-,-,-,-,-,7,1,BDESH,Wicket Keeper
Mushfiqur Rahim,8,8,1,367,102*,52.42,396,92.67,1,2,0,30,2,Bangladesh,2019,-,-,-,-,-,-,-,-,-,-,8,2,BDESH,Wicket Keeper
KJ O'Brien,8,8,1,170,49,24.28,263,64.63,0,0,0,13,5,Ireland,2007,18.0,1,100,3,1/8,33.33,5.55,36.0,0,0,1,0,IRE,All Rounder
KJ O'Brien,6,6,1,198,113,39.60,158,125.31,1,0,0,19,9,Ireland,2011,17.0,0,115,4,4/71,28.75,6.76,25.5,1,0,3,0,IRE,All Rounder
KJ O'Brien,6,6,0,131,50,21.83,131,100.00,0,1,1,16,3,Ireland,2015,49.5,0,408,6,2/61,68.00,8.18,49.8,0,0,3,0,IRE,All Rounder
KP Pietersen,9,9,1,444,104,55.50,548,81.02,2,3,0,36,5,England,2007,1.0,0,2,0,-,-,2.00,-,0,0,2,0,ENG,Batsman
KP Pietersen,4,4,0,131,59,32.75,136,96.32,0,1,0,17,2,England,2011,10.0,0,49,0,-,-,4.90,-,0,0,1,0,ENG,Batsman
WTS Porterfield,9,9,0,172,85,19.11,379,45.38,0,1,2,7,0,Ireland,2007,-,-,-,-,-,-,-,-,-,-,5,0,IRE,Batsman
WTS Porterfield,6,6,0,180,75,30.00,270,66.66,0,2,1,21,1,Ireland,2011,-,-,-,-,-,-,-,-,-,-,4,0,IRE,Batsman
WTS Porterfield,6,6,0,275,107,45.83,409,67.23,1,1,0,22,3,Ireland,2015,-,-,-,-,-,-,-,-,-,-,5,0,IRE,Batsman
D Ramdin,9,6,1,84,52,16.80,94,89.36,0,1,0,9,0,WestIndies,2007,-,-,-,-,-,-,-,-,-,-,13,0,WI,Wicket Keeper
D Ramdin,7,6,1,107,51,21.40,151,70.86,0,1,2,11,0,WestIndies,2015,-,-,-,-,-,-,-,-,-,-,13,0,WI,Wicket Keeper
WB Rankin,9,4,3,15,7*,15.00,45,33.33,0,0,1,1,0,Ireland,2007,59.2,4,324,12,3/32,27.00,5.46,29.6,0,0,1,0,IRE,Bowler
WB Rankin,6,4,3,9,5*,9.00,25,36.00,0,0,0,0,0,Ireland,2011,55.0,2,315,3,1/35,105.00,5.72,110.0,0,0,1,0,IRE,Bowler
Shakib Al Hasan,9,9,2,202,57*,28.85,353,57.22,0,2,1,15,3,Bangladesh,2007,60.5,0,302,7,2/12,43.14,4.96,52.1,0,0,1,0,BDESH,All Rounder
Shakib Al Hasan,6,6,0,142,55,23.66,200,71.00,0,1,0,14,0,Bangladesh,2011,46.2,0,223,8,2/28,27.87,4.81,34.7,0,0,2,0,BDESH,All Rounder
Shakib Al Hasan,6,6,1,196,63,39.20,209,93.77,0,2,0,18,3,Bangladesh,2015,57.4,1,298,8,4/55,37.25,5.16,43.2,1,0,2,0,BDESH,All Rounder
Shakib Al Hasan,8,8,1,606,124*,86.57,631,96.03,2,5,0,60,2,Bangladesh,2019,74.0,1,399,11,5/29,36.27,5.39,40.3,0,1,3,0,BDESH,All Rounder
SW Tait,11,-,-,-,-,-,-,-,-,-,-,-,-,Australia,2007,84.3,1,467,23,4/39,20.30,5.52,22.0,1,0,1,0,AUS,Bowler
SW Tait,7,1,1,0,0*,-,1,0.00,0,0,0,0,0,Australia,2011,52.0,3,264,11,3/35,24.00,5.07,28.3,0,0,1,0,AUS,Bowler
BRM Taylor,3,3,0,87,50,29.00,178,48.87,0,1,0,5,1,Zimbabwe,2007,-,-,-,-,-,-,-,-,-,-,4,1,ZIM,Wicket Keeper
BRM Taylor,6,6,0,170,80,28.33,195,87.17,0,1,1,20,1,Zimbabwe,2011,3.0,0,23,0,-,-,7.66,-,0,0,0,0,ZIM,Wicket Keeper
BRM Taylor,6,6,0,433,138,72.16,405,106.91,2,1,0,43,12,Zimbabwe,2015,-,-,-,-,-,-,-,-,-,-,4,0,ZIM,Wicket Keeper
JE Taylor,7,4,0,37,13,9.25,41,90.24,0,0,0,4,0,WestIndies,2007,64.0,3,306,6,2/42,51.00,4.78,64.0,0,0,0,0,WI,Bowler
JE Taylor,7,3,1,37,15*,18.50,48,77.08,0,0,0,5,0,WestIndies,2015,57.3,2,328,17,3/15,19.29,5.70,20.2,0,0,1,0,WI,Bowler
LRPL Taylor,6,6,0,107,85,17.83,158,67.72,0,1,2,10,1,NewZealand,2007,-,-,-,-,-,-,-,-,-,-,1,0,NZ,Batsman
LRPL Taylor,8,6,1,324,131*,64.80,372,87.09,1,1,0,20,14,NewZealand,2011,-,-,-,-,-,-,-,-,-,-,5,0,NZ,Batsman
LRPL Taylor,9,9,2,221,56,31.57,359,61.55,0,1,0,17,0,NewZealand,2015,-,-,-,-,-,-,-,-,-,-,5,0,NZ,Batsman
LRPL Taylor,10,9,0,350,82,38.88,465,75.26,0,3,0,29,2,NewZealand,2019,-,-,-,-,-,-,-,-,-,-,0,0,NZ,Batsman
RN ten Doeschate,3,3,1,128,70*,64.00,148,86.48,0,2,0,21,2,Netherlands,2007,20.0,0,151,2,2/76,75.50,7.55,60.0,0,0,2,0,NL,All Rounder
RN ten Doeschate,6,6,1,307,119,61.40,344,89.24,2,1,0,26,5,Netherlands,2011,52.0,2,322,7,3/72,46.00,6.19,44.5,0,0,2,0,NL,All Rounder
WU Tharanga,11,11,0,298,73,27.09,446,66.81,0,3,1,27,2,SriLanka,2007,-,-,-,-,-,-,-,-,-,-,2,0,SL,Batsman
WU Tharanga,9,9,2,395,133,56.42,472,83.68,2,1,0,52,2,SriLanka,2011,-,-,-,-,-,-,-,-,-,-,2,0,SL,Batsman
WU Tharanga,1,1,0,4,4,4.00,5,80.00,0,0,0,0,0,SriLanka,2015,-,-,-,-,-,-,-,-,-,-,0,0,SL,Batsman
Umar Gul,3,3,0,11,10,3.66,20,55.00,0,0,1,2,0,Pakistan,2007,23.0,2,72,4,2/10,18.00,3.13,34.5,0,0,1,0,PAK,Bowler
Umar Gul,8,3,2,38,34*,38.00,32,118.75,0,0,0,3,1,Pakistan,2011,60.3,5,272,14,3/30,19.42,4.49,25.9,0,0,1,0,PAK,Bowler
SR Watson,8,6,5,145,65*,145.00,85,170.58,0,1,0,13,6,Australia,2007,44.3,2,217,4,1/20,54.25,4.87,66.7,0,0,2,0,AUS,All Rounder
SR Watson,7,6,0,290,94,48.33,314,92.35,0,3,0,32,7,Australia,2011,39.0,1,178,3,1/9,59.33,4.56,78.0,0,0,3,0,AUS,All Rounder
SR Watson,7,7,2,208,67,41.60,196,106.12,0,2,1,22,4,Australia,2015,26.0,0,171,2,1/18,85.50,6.57,78.0,0,0,1,0,AUS,All Rounder
SC Williams,3,3,1,95,70*,47.50,110,86.36,0,1,0,9,1,Zimbabwe,2007,15.0,1,79,2,1/21,39.50,5.26,45.0,0,0,1,0,ZIM,All Rounder
SC Williams,2,2,0,58,30,29.00,65,89.23,0,0,0,4,1,Zimbabwe,2011,11.0,0,40,0,-,-,3.63,-,0,0,1,0,ZIM,All Rounder
SC Williams,6,6,1,339,96,67.80,311,109.00,0,4,0,29,6,Zimbabwe,2015,45.0,1,286,7,3/72,40.85,6.35,38.5,0,0,4,0,ZIM,All Rounder
HM Amla,7,7,0,306,113,43.71,349,87.67,1,2,0,25,1,SouthAfrica,2011,-,-,-,-,-,-,-,-,-,-,1,0,SA,Batsman
HM Amla,8,8,0,333,159,41.62,350,95.14,1,1,0,35,5,SouthAfrica,2015,-,-,-,-,-,-,-,-,-,-,6,0,SA,Batsman
HM Amla,7,7,2,203,80*,40.60,313,64.85,0,2,0,16,0,SouthAfrica,2019,-,-,-,-,-,-,-,-,-,-,4,0,SA,Batsman
R Ashwin,2,1,1,10,10*,-,7,142.85,0,0,0,1,0,India,2011,20.0,0,93,4,2/41,23.25,4.65,30.0,0,0,1,0,INDIA,Bowler
R Ashwin,8,5,4,30,16*,30.00,54,55.55,0,0,0,0,0,India,2015,77.0,6,330,13,4/25,25.38,4.28,35.5,1,0,3,0,INDIA,Bowler
SJ Benn,6,5,1,16,6,4.00,35,45.71,0,0,0,1,0,WestIndies,2011,47.5,3,238,12,4/18,19.83,4.97,23.9,2,0,0,0,WI,Bowler
SJ Benn,3,2,1,10,9*,10.00,7,142.85,0,0,0,2,0,WestIndies,2015,29.0,1,184,2,2/39,92.00,6.34,87.0,0,0,2,0,WI,Bowler
CR Ervine,6,6,0,231,85,38.50,269,85.87,0,3,1,24,3,Zimbabwe,2011,-,-,-,-,-,-,-,-,-,-,0,0,ZIM,Batsman
CR Ervine,6,6,0,159,52,26.50,180,88.33,0,1,0,12,5,Zimbabwe,2015,-,-,-,-,-,-,-,-,-,-,5,0,ZIM,Batsman
MJ Guptill,8,8,2,262,86*,43.66,382,68.58,0,2,0,27,4,NewZealand,2011,-,-,-,-,-,-,-,-,-,-,1,0,NZ,Batsman
MJ Guptill,9,9,1,547,237*,68.37,523,104.58,2,1,0,59,16,NewZealand,2015,-,-,-,-,-,-,-,-,-,-,4,0,NZ,Batsman
MJ Guptill,10,10,1,186,73*,20.66,221,84.16,0,1,2,22,4,NewZealand,2019,-,-,-,-,-,-,-,-,-,-,8,0,NZ,Batsman
BJ Haddin,7,6,0,332,88,55.33,421,78.85,0,4,0,40,5,Australia,2011,-,-,-,-,-,-,-,-,-,-,13,0,AUS,Wicket Keeper
BJ Haddin,8,5,2,126,43,42.00,80,157.50,0,0,0,16,4,Australia,2015,-,-,-,-,-,-,-,-,-,-,16,0,AUS,Wicket Keeper
Imran Tahir,5,2,2,1,1*,-,2,50.00,0,0,0,0,0,SouthAfrica,2011,39.3,2,150,14,4/38,10.71,3.79,16.9,2,0,2,0,SA,Bowler
Imran Tahir,8,2,0,8,8,4.00,16,50.00,0,0,1,1,0,SouthAfrica,2015,76.2,5,323,15,5/45,21.53,4.23,30.5,1,1,2,0,SA,Bowler
Imran Tahir,9,4,2,11,10*,5.50,16,68.75,0,0,2,0,0,SouthAfrica,2019,76.0,0,374,11,4/29,34.00,4.92,41.4,1,0,2,0,SA,Bowler
MG Johnson,7,4,3,25,12*,25.00,19,131.57,0,0,1,3,0,Australia,2011,57.3,7,231,10,4/19,23.10,4.01,34.5,2,0,1,0,AUS,Bowler
MG Johnson,8,4,2,31,27*,15.50,20,155.00,0,0,1,4,1,Australia,2015,63.3,2,326,15,4/22,21.73,5.13,25.4,1,0,4,0,AUS,Bowler
EC Joyce,6,6,0,176,84,29.33,264,66.66,0,1,0,18,0,Ireland,2011,-,-,-,-,-,-,-,-,-,-,0,0,IRE,Batsman
EC Joyce,6,6,0,246,112,41.00,250,98.40,1,1,1,23,5,Ireland,2015,-,-,-,-,-,-,-,-,-,-,3,0,IRE,Batsman
V Kohli,9,9,1,282,100*,35.25,343,82.21,1,1,0,24,2,India,2011,2.0,0,12,0,-,-,6.00,-,0,0,3,0,INDIA,Batsman
V Kohli,8,8,2,305,107,50.83,374,81.55,1,0,0,29,1,India,2015,1.0,0,7,0,-,-,7.00,-,0,0,5,0,INDIA,Batsman
V Kohli,9,9,1,443,82,55.37,471,94.05,0,5,0,38,2,India,2019,-,-,-,-,-,-,-,-,-,-,6,0,INDIA,Batsman
AD Mathews,8,5,2,94,41*,31.33,90,104.44,0,0,1,10,1,SriLanka,2011,36.0,0,171,6,2/29,28.50,4.75,36.0,0,0,1,0,SL,All Rounder
AD Mathews,7,5,0,195,51,39.00,217,89.86,0,1,0,11,7,SriLanka,2015,35.4,1,207,6,3/41,34.50,5.80,35.6,0,0,1,0,SL,All Rounder
AD Mathews,7,7,1,244,113,40.66,314,77.70,1,1,2,20,4,SriLanka,2019,2.0,0,6,1,1/6,6.00,3.00,12.0,0,0,2,0,SL,All Rounder
Misbah-ul-Haq,8,6,1,248,83*,49.60,336,73.80,0,3,1,13,3,Pakistan,2011,-,-,-,-,-,-,-,-,-,-,3,0,PAK,Batsman
Misbah-ul-Haq,7,7,0,350,76,50.00,466,75.10,0,4,0,25,7,Pakistan,2015,-,-,-,-,-,-,-,-,-,-,3,0,PAK,Batsman
M Morkel,6,2,0,4,3,2.00,20,20.00,0,0,0,0,0,SouthAfrica,2011,40.2,0,207,9,3/33,23.00,5.13,26.8,0,0,2,0,SA,Bowler
M Morkel,8,2,1,8,6*,8.00,13,61.53,0,0,0,1,0,SouthAfrica,2015,68.1,4,299,17,3/34,17.58,4.38,24.0,0,0,2,0,SA,Bowler
SK Raina,4,3,2,74,36*,74.00,75,98.66,0,0,0,5,1,India,2011,2.0,0,12,1,1/12,12.00,6.00,12.0,0,0,3,0,INDIA,Batsman
SK Raina,8,6,1,284,110*,56.80,258,110.07,1,2,0,25,8,India,2015,15.0,1,64,1,1/40,64.00,4.26,90.0,0,0,6,0,INDIA,Batsman
KAJ Roach,6,4,1,19,16,6.33,53,35.84,0,0,1,2,0,WestIndies,2011,46.0,2,195,13,6/27,15.00,4.23,21.2,0,1,0,0,WI,Bowler
KAJ Roach,3,1,1,0,0*,-,1,0.00,0,0,0,0,0,WestIndies,2015,22.0,1,150,1,1/44,150.00,6.81,132.0,0,0,0,0,WI,Bowler
KAJ Roach,4,2,1,28,14*,28.00,52,53.84,0,0,0,3,1,WestIndies,2019,33.0,4,121,6,3/36,20.16,3.66,33.0,0,0,0,0,WI,Bowler
SPD Smith,6,3,1,53,25,26.50,51,103.92,0,0,0,4,1,Australia,2011,27.0,0,139,1,1/44,139.00,5.14,162.0,0,0,1,0,AUS,Batsman
SPD Smith,8,7,1,402,105,67.00,439,91.57,1,4,0,37,4,Australia,2015,2.0,0,19,0,-,-,9.50,-,0,0,4,0,AUS,Batsman
SPD Smith,10,10,0,379,85,37.90,441,85.94,0,4,0,33,2,Australia,2019,4.0,0,32,1,1/6,32.00,8.00,24.0,0,0,3,0,AUS,Batsman
TG Southee,8,3,0,14,8,4.66,21,66.66,0,0,1,1,0,NewZealand,2011,72.2,9,312,18,3/13,17.33,4.31,24.1,0,0,1,0,NZ,Bowler
TG Southee,9,3,1,23,12*,11.50,18,127.77,0,0,1,1,2,NewZealand,2015,81.0,7,472,15,7/33,31.46,5.82,32.4,0,1,2,0,NZ,Bowler
TG Southee,1,1,1,7,7*,-,16,43.75,0,0,0,0,0,NewZealand,2019,9.0,0,70,1,1/70,70.00,7.77,54.0,0,0,0,0,NZ,Bowler
DW Steyn,6,2,0,28,20,14.00,49,57.14,0,0,0,4,0,SouthAfrica,2011,46.1,3,192,12,5/50,16.00,4.15,23.0,0,1,1,0,SA,Bowler
DW Steyn,8,2,0,17,16,8.50,24,70.83,0,0,0,3,0,SouthAfrica,2015,68.5,7,346,11,3/30,31.45,5.02,37.5,0,0,3,0,SA,Bowler
KS Williamson,4,4,2,99,38*,49.50,92,107.60,0,0,0,8,1,NewZealand,2011,5.0,0,30,0,-,-,6.00,-,0,0,0,0,NZ,Batsman
KS Williamson,9,9,2,234,57,33.42,300,78.00,0,1,0,28,2,NewZealand,2015,2.0,0,12,0,-,-,6.00,-,0,0,3,0,NZ,Batsman
KS Williamson,10,9,2,578,148,82.57,771,74.96,2,2,0,50,3,NewZealand,2019,15.0,0,64,2,1/25,32.00,4.26,45.0,0,0,6,0,NZ,Batsman
TA Boult,9,2,2,0,0*,-,3,0.00,0,0,0,0,0,NewZealand,2015,85.0,14,371,22,5/27,16.86,4.36,23.1,1,1,1,0,NZ,Bowler
TA Boult,10,4,3,10,4,10.00,19,52.63,0,0,0,1,0,NewZealand,2019,99.0,4,479,17,4/30,28.17,4.83,34.9,2,0,7,0,NZ,Bowler
JC Buttler,6,5,1,141,65,35.25,104,135.57,0,1,0,17,2,England,2015,-,-,-,-,-,-,-,-,-,-,8,0,ENG,Wicket Keeper
JC Buttler,11,9,0,312,103,34.66,254,122.83,1,2,0,22,8,England,2019,-,-,-,-,-,-,-,-,-,-,12,2,ENG,Wicket Keeper
PJ Cummins,2,1,1,7,7*,-,30,23.33,0,0,0,1,0,Australia,2015,13.1,1,80,5,3/42,16.00,6.07,15.8,0,0,2,0,AUS,Bowler
PJ Cummins,10,8,1,51,23*,7.28,68,75.00,0,0,1,3,0,Australia,2019,86.1,6,427,14,3/33,30.50,4.95,36.9,0,0,4,0,AUS,Bowler
Q de Kock,8,8,1,145,78*,20.71,175,82.85,0,1,1,21,0,SouthAfrica,2015,-,-,-,-,-,-,-,-,-,-,9,1,SA,Wicket Keeper
Q de Kock,9,9,1,305,68,38.12,351,86.89,0,3,0,34,4,SouthAfrica,2019,-,-,-,-,-,-,-,-,-,-,9,0,SA,Wicket Keeper
S Dhawan,8,8,0,412,137,51.50,449,91.75,2,1,0,48,9,India,2015,-,-,-,-,-,-,-,-,-,-,7,0,INDIA,Batsman
S Dhawan,2,2,0,125,117,62.50,121,103.30,1,0,0,17,0,India,2019,-,-,-,-,-,-,-,-,-,-,0,0,INDIA,Batsman
AJ Finch,8,8,0,280,135,35.00,304,92.10,1,1,1,26,6,Australia,2015,-,-,-,-,-,-,-,-,-,-,6,0,AUS,Batsman
AJ Finch,10,10,0,507,153,50.70,497,102.01,2,3,1,47,18,Australia,2019,3.0,0,20,1,1/13,20.00,6.66,18.0,0,0,5,0,AUS,Batsman
GJ Maxwell,8,6,1,324,102,64.80,178,182.02,1,2,0,35,14,Australia,2015,38.0,1,218,6,2/43,36.33,5.73,38.0,0,0,1,0,AUS,All Rounder
GJ Maxwell,10,10,2,177,46*,22.12,118,150.00,0,0,1,19,7,Australia,2019,49.0,1,295,0,-,-,6.02,-,0,0,4,0,AUS,All Rounder
Mohammed Shami,7,3,3,8,4*,-,9,88.88,0,0,0,1,0,India,2015,61.0,7,294,17,4/35,17.29,4.81,21.5,1,0,5,0,INDIA,Bowler
Mohammed Shami,4,3,0,2,1,0.66,6,33.33,0,0,1,0,0,India,2019,35.1,2,193,14,5/69,13.78,5.48,15.0,2,1,3,0,INDIA,Bowler
Sarfaraz Ahmed,3,3,1,160,101*,80.00,189,84.65,1,0,0,12,3,Pakistan,2015,-,-,-,-,-,-,-,-,-,-,6,0,PAK,Wicket Keeper
Sarfaraz Ahmed,8,8,3,143,55,28.60,164,87.19,0,1,0,9,0,Pakistan,2019,-,-,-,-,-,-,-,-,-,-,13,1,PAK,Wicket Keeper
RG Sharma,8,8,1,330,137,47.14,360,91.66,1,2,1,33,9,India,2015,3.0,0,21,0,-,-,7.00,-,0,0,3,0,INDIA,Batsman
RG Sharma,9,9,1,648,140,81.00,659,98.33,5,1,0,67,14,India,2019,-,-,-,-,-,-,-,-,-,-,4,0,INDIA,Batsman
MA Starc,8,3,1,0,0*,0.00,3,0.00,0,0,2,0,0,Australia,2015,63.5,3,224,22,6/28,10.18,3.50,17.4,1,1,5,0,AUS,Bowler
MA Starc,10,8,2,68,29,11.33,76,89.47,0,0,1,3,2,Australia,2019,92.2,5,502,27,5/26,18.59,5.43,20.5,2,2,3,0,AUS,Bowler
DA Warner,8,8,1,345,178,49.28,287,120.20,1,0,0,38,9,Australia,2015,-,-,-,-,-,-,-,-,-,-,5,0,AUS,Batsman
DA Warner,10,10,1,647,166,71.88,724,89.36,3,3,0,66,8,Australia,2019,-,-,-,-,-,-,-,-,-,-,4,0,AUS,Batsman
