Player,Mat,Inns,NO,Runs,HS,Ave,BF,SR,100,50,0,4s,6s,country,year,Overs,Mdns,runs_given,Wkts,BBI,bowling_average,Econ,bowling_strike_rate,4,5,Ct,St,Country,Role,top5_season
M Azharuddin,7,5,2,190.0,64,63.33,241,78.83,0,2,0,19,1,India,1987,23.5,0,109,5.0,3/19,21.80,4.57,28.6,0,0,2,0,INDIA,Batsman,False
M Azharuddin,8,7,0,332.0,93,47.42,425,78.11,0,4,1,29,1,India,1992,-,-,-,0.0,-,-,-,-,-,-,1,0,INDIA,Batsman,True
M Azharuddin,7,6,1,143.0,72*,28.60,194,73.71,0,1,1,10,1,India,1996,-,-,-,0.0,-,-,-,-,-,-,3,0,INDIA,Batsman,False
M Azharuddin,8,7,1,161.0,59,26.83,206,78.15,0,1,0,11,2,India,1999,-,-,-,0.0,-,-,-,-,-,-,5,0,INDIA,Batsman,False
DC Boon,8,8,0,447.0,93,55.87,583,76.67,0,5,0,38,3,Australia,1987,1.0,0,17,0.0,-,-,17.00,-,0,0,2,0,AUS,Batsman,True
DC Boon,8,8,1,368.0,100,52.57,534,68.91,2,0,0,34,2,Australia,1992,-,-,-,0.0,-,-,-,-,-,-,0,0,AUS,Batsman,True
EA Brandes,4,3,2,21.0,18*,21.00,15,140.00,0,0,1,1,2,Zimbabwe,1987,33.0,4,154,2.0,2/44,77.00,4.66,99.0,0,0,2,0,ZIM,Bowler,False
EA Brandes,8,6,1,71.0,23,14.20,101,70.29,0,0,0,5,1,Zimbabwe,1992,70.1,7,355,14.0,4/21,25.35,5.05,30.0,1,0,2,0,ZIM,Bowler,True
EA Brandes,2,1,0,7.0,7,7.00,13,53.84,0,0,0,1,0,Zimbabwe,1996,15.0,0,77,0.0,-,-,5.13,-,0,0,0,0,ZIM,Bowler,False
EA Brandes,2,2,1,21.0,19*,21.00,34,61.76,0,0,0,1,1,Zimbabwe,1999,11.0,0,55,0.0,-,-,5.00,-,0,0,1,0,ZIM,Bowler,False
MD Crowe,6,6,0,222.0,72,37.00,235,94.46,0,3,0,21,1,NewZealand,1987,-,-,-,0.0,-,-,-,-,-,-,4,0,NZ,Batsman,False
MD Crowe,9,9,5,456.0,100*,114.00,502,90.83,1,4,0,45,6,NewZealand,1992,1.0,0,6,0.0,-,-,6.00,-,0,0,3,0,NZ,Batsman,True
PA de Silva,6,6,2,101.0,42,25.25,135,74.81,0,0,0,5,1,SriLanka,1987,42.0,0,217,3.0,2/43,72.33,5.16,84.0,0,0,2,0,SL,All Rounder,False
PA de Silva,8,7,0,175.0,62,25.00,257,68.09,0,1,0,9,0,SriLanka,1992,1.0,0,6,0.0,-,-,6.00,-,0,0,1,0,SL,All Rounder,False
PA de Silva,6,6,1,448.0,145,89.60,416,107.69,2,2,0,57,7,SriLanka,1996,17.0,0,87,4.0,3/42,21.75,5.11,25.5,0,0,4,0,SL,All Rounder,True
PA de Silva,5,5,0,73.0,56,14.60,122,59.83,0,1,1,9,0,SriLanka,1999,17.0,0,85,0.0,-,-,5.00,-,0,0,1,0,SL,All Rounder,False
PA de Silva,10,8,0,267.0,92,33.37,299,89.29,0,2,1,27,7,SriLanka,2003,58.0,2,276,9.0,2/36,30.66,4.75,38.6,0,0,6,0,SL,All Rounder,False
GA Gooch,8,8,0,471.0,115,58.87,670,70.29,1,3,0,45,0,England,1987,15.0,1,79,1.0,1/42,79.00,5.26,90.0,0,0,2,0,ENG,Batsman,True
GA Gooch,8,8,0,216.0,65,27.00,419,51.55,0,3,1,17,0,England,1992,-,-,-,0.0,-,-,-,-,-,-,1,0,ENG,Batsman,False
CL Hooper,6,5,2,42.0,22,14.00,65,64.61,0,0,0,4,0,WestIndies,1987,41.0,0,181,7.0,3/42,25.85,4.41,35.1,0,0,4,0,WI,All Rounder,True
CL Hooper,8,7,1,120.0,63,20.00,180,66.66,0,1,1,9,1,WestIndies,1992,80.0,2,312,8.0,2/19,39.00,3.90,60.0,0,0,4,0,WI,All Rounder,False
CL Hooper,6,6,1,99.0,45,19.80,124,79.83,0,0,1,3,1,WestIndies,2003,33.0,1,166,3.0,2/63,55.33,5.03,66.0,0,0,5,0,WI,All Rounder,False
Imran Khan,7,6,0,147.0,58,24.50,177,83.05,0,1,0,11,1,Pakistan,1987,49.5,6,222,17.0,4/37,13.05,4.45,17.5,2,0,1,0,PAK,All Rounder,True
Imran Khan,8,6,0,185.0,72,30.83,351,52.70,0,1,1,13,4,Pakistan,1992,60.2,2,251,7.0,2/32,35.85,4.16,51.7,0,0,1,0,PAK,All Rounder,False
Javed Miandad,7,7,1,274.0,103,45.66,374,73.26,1,1,0,18,0,Pakistan,1987,3.0,0,5,1.0,1/5,5.00,1.66,18.0,0,0,1,1,PAK,Batsman,True
Javed Miandad,9,9,2,437.0,89,62.42,698,62.60,0,5,0,27,0,Pakistan,1992,-,-,-,0.0,-,-,-,-,-,-,1,0,PAK,Batsman,True
Javed Miandad,5,3,1,54.0,38,27.00,104,51.92,0,0,0,3,0,Pakistan,1996,-,-,-,0.0,-,-,-,-,-,-,3,0,PAK,Batsman,False
BP Patterson,6,2,2,4.0,4*,-,12,33.33,0,0,0,0,0,WestIndies,1987,56.0,2,253,14.0,3/31,18.07,4.51,24.0,0,0,1,0,WI,Bowler,True
BP Patterson,1,-,-,0.0,-,-,-,-,-,-,-,-,-,WestIndies,1992,10.0,0,25,1.0,1/25,25.00,2.50,60.0,0,0,1,0,WI,Bowler,False
A Ranatunga,5,5,2,252.0,86*,84.00,355,70.98,0,3,0,23,2,SriLanka,1987,8.0,0,58,0.0,-,-,7.25,-,0,0,1,0,SL,Batsman,True
A Ranatunga,8,7,2,262.0,88*,52.40,322,81.36,0,2,0,23,2,SriLanka,1992,18.0,0,94,3.0,2/26,31.33,5.22,36.0,0,0,1,0,SL,Batsman,False
A Ranatunga,6,6,4,241.0,75*,120.50,210,114.76,0,1,0,29,2,SriLanka,1996,11.0,0,68,2.0,2/31,34.00,6.18,33.0,0,0,1,0,SL,Batsman,False
A Ranatunga,5,5,0,134.0,50,26.80,191,70.15,0,1,0,13,1,SriLanka,1999,-,-,-,0.0,-,-,-,-,-,-,1,0,SL,Batsman,False
RB Richardson,6,6,0,271.0,110,45.16,380,71.31,1,2,1,25,3,WestIndies,1987,4.0,0,24,0.0,-,-,6.00,-,0,0,2,0,WI,Batsman,True
RB Richardson,8,8,1,132.0,56,18.85,265,49.81,0,1,0,5,2,WestIndies,1992,-,-,-,0.0,-,-,-,-,-,-,3,0,WI,Batsman,False
RB Richardson,6,6,2,236.0,93*,59.00,371,63.61,0,1,0,22,1,WestIndies,1996,-,-,-,0.0,-,-,-,-,-,-,1,0,WI,Batsman,False
CA Walsh,6,3,1,18.0,9*,9.00,17,105.88,0,0,0,2,0,WestIndies,1987,55.3,6,229,9.0,4/40,25.44,4.12,37.0,1,0,1,0,WI,Bowler,True
CA Walsh,6,3,1,13.0,9*,6.50,20,65.00,0,0,1,3,0,WestIndies,1996,55.3,9,210,7.0,3/46,30.00,3.78,47.5,0,0,2,0,WI,Bowler,False
CA Walsh,5,2,1,6.0,6,6.00,12,50.00,0,0,0,1,0,WestIndies,1999,47.0,8,108,11.0,4/25,9.81,2.29,25.6,1,0,0,0,WI,Bowler,False
Wasim Akram,7,6,0,85.0,39,14.16,80,106.25,0,0,1,3,4,Pakistan,1987,63.2,1,295,7.0,3/45,42.14,4.65,54.2,0,0,1,0,PAK,All Rounder,False
Wasim Akram,10,8,2,62.0,33,10.33,61,101.63,0,0,1,7,0,Pakistan,1992,89.4,2,338,18.0,4/32,18.77,3.76,29.8,1,0,1,0,PAK,All Rounder,True
Wasim Akram,5,2,2,60.0,32*,-,51,117.64,0,0,0,5,0,Pakistan,1996,33.2,3,135,3.0,2/25,45.00,4.05,66.6,0,0,1,0,PAK,All Rounder,False
Wasim Akram,10,9,2,148.0,43,21.14,160,92.50,0,0,1,11,6,Pakistan,1999,90.4,6,342,15.0,4/40,22.80,3.77,36.2,1,0,5,0,PAK,All Rounder,False
Wasim Akram,6,5,2,71.0,33,23.66,69,102.89,0,0,0,10,1,Pakistan,2003,47.3,4,201,12.0,5/28,16.75,4.23,23.7,0,1,0,0,PAK,All Rounder,False
SR Waugh,8,8,5,167.0,45,55.66,171,97.66,0,0,0,12,4,Australia,1987,63.3,4,288,11.0,2/36,26.18,4.53,34.6,0,0,3,0,AUS,All Rounder,True
SR Waugh,8,7,0,187.0,55,26.71,239,78.24,0,1,0,12,1,Australia,1992,60.4,1,277,8.0,3/36,34.62,4.56,45.5,0,0,2,0,AUS,All Rounder,False
SR Waugh,7,7,2,226.0,82,45.20,285,79.29,0,3,0,14,2,Australia,1996,31.0,2,157,5.0,2/22,31.40,5.06,37.2,0,0,3,0,AUS,All Rounder,False
SR Waugh,10,8,3,398.0,120*,79.60,512,77.73,1,2,0,35,6,Australia,1999,18.0,0,92,3.0,2/8,30.66,5.11,36.0,0,0,6,0,AUS,All Rounder,True
AA Donald,9,1,0,3.0,3,3.00,6,50.00,0,0,0,0,0,SouthAfrica,1992,78.0,5,329,13.0,3/34,25.30,4.21,36.0,0,0,1,0,SA,Bowler,True
AA Donald,4,-,-,0.0,-,-,-,-,-,-,-,-,-,SouthAfrica,1996,34.0,0,126,8.0,3/21,15.75,3.70,25.5,0,0,0,0,SA,Bowler,False
AA Donald,9,3,1,10.0,7,5.00,34,29.41,0,0,1,0,0,SouthAfrica,1999,82.0,7,325,16.0,4/17,20.31,3.96,30.7,2,0,2,0,SA,Bowler,True
AA Donald,3,1,1,0.0,0*,-,0,-,0,0,0,0,0,SouthAfrica,2003,24.5,2,133,1.0,1/52,133.00,5.35,149.0,0,0,0,0,SA,Bowler,False
CZ Harris,9,6,1,44.0,14,8.80,78,56.41,0,0,0,3,0,NewZealand,1992,72.1,4,342,16.0,3/15,21.37,4.73,27.0,0,0,4,0,NZ,All Rounder,True
CZ Harris,4,4,0,156.0,130,39.00,173,90.17,1,0,0,14,4,NewZealand,1996,33.0,1,135,5.0,3/24,27.00,4.09,39.6,0,0,1,0,NZ,All Rounder,False
CZ Harris,9,4,1,115.0,42,38.33,205,56.09,0,0,0,3,0,NewZealand,1999,54.1,2,255,9.0,4/7,28.33,4.70,36.1,1,0,2,0,NZ,All Rounder,False
CZ Harris,6,6,3,116.0,38*,38.66,170,68.23,0,0,0,10,0,NewZealand,2003,35.0,3,129,2.0,1/19,64.50,3.68,105.0,0,0,0,0,NZ,All Rounder,False
BC Lara,8,8,1,333.0,88*,47.57,408,81.61,0,4,1,34+,1+,WestIndies,1992,-,-,-,0.0,-,-,-,-,-,-,2,0,WI,Batsman,True
BC Lara,6,6,1,269.0,111,53.80,256,105.07,1,1,0,33,2,WestIndies,1996,-,-,-,0.0,-,-,-,-,-,-,2,0,WI,Batsman,False
BC Lara,5,5,1,106.0,36,26.50,120,88.33,0,0,0,13,2,WestIndies,1999,-,-,-,0.0,-,-,-,-,-,-,5,0,WI,Batsman,False
BC Lara,6,6,0,248.0,116,41.33,306,81.04,1,1,0,25,7,WestIndies,2003,-,-,-,0.0,-,-,-,-,-,-,2,0,WI,Batsman,False
BC Lara,9,8,1,269.0,77,38.42,330,81.51,0,1,0,19,5,WestIndies,2007,-,-,-,0.0,-,-,-,-,-,-,5,0,WI,Batsman,False
Mushtaq Ahmed,9,4,1,27.0,17,9.00,56,48.21,0,0,0,1,0,Pakistan,1992,78.0,3,311,16.0,3/41,19.43,3.98,29.2,0,0,2,0,PAK,Bowler,True
Mushtaq Ahmed,6,1,0,0.0,0,0.00,2,0.00,0,0,1,0,0,Pakistan,1996,57.0,2,238,10.0,3/16,23.80,4.17,34.2,0,0,3,0,PAK,Bowler,False
SR Tendulkar,8,7,1,283.0,84,47.16,334,84.73,0,3,0,24,1,India,1992,41.0,0,180,2.0,1/35,90.00,4.39,123.0,0,0,2,0,INDIA,Batsman,False
SR Tendulkar,7,7,1,523.0,137,87.16,609,85.87,2,3,0,57,7,India,1996,36.0,1,149,2.0,2/34,74.50,4.13,108.0,0,0,2,0,INDIA,Batsman,True
SR Tendulkar,7,7,1,253.0,140*,42.16,281,90.03,1,0,1,30,3,India,1999,9.0,0,63,0.0,-,-,7.00,-,0,0,2,0,INDIA,Batsman,False
SR Tendulkar,11,11,0,673.0,152,61.18,754,89.25,1,6,0,75,4,India,2003,18.0,0,77,2.0,2/28,38.50,4.27,54.0,0,0,4,0,INDIA,Batsman,True
SR Tendulkar,3,3,1,64.0,57*,32.00,58,110.34,0,1,1,3,4,India,2007,12.0,0,49,2.0,1/1,24.50,4.08,36.0,0,0,0,0,INDIA,Batsman,False
SR Tendulkar,9,9,0,482.0,120,53.55,524,91.98,2,2,0,52,8,India,2011,4.0,0,21,0.0,-,-,5.25,-,0,0,2,0,INDIA,Batsman,True
ME Waugh,5,5,1,145.0,66*,36.25,144,100.69,0,1,0,8,2,Australia,1992,5.0,0,40,0.0,-,-,8.00,-,0,0,4,0,AUS,Batsman,False
ME Waugh,7,7,1,484.0,130,80.66,563,85.96,3,1,1,40,6,Australia,1996,48.0,1,229,5.0,3/38,45.80,4.77,57.6,0,0,1,0,AUS,Batsman,True
ME Waugh,10,10,1,375.0,104,41.66,492,76.21,1,2,1,39,1,Australia,1999,9.0,0,44,0.0,-,-,4.88,-,0,0,6,0,AUS,Batsman,True
DW Fleming,6,1,0,0.0,0,0.00,1,0.00,0,0,1,0,0,Australia,1996,45.2,3,221,12.0,5/36,18.41,4.87,22.6,0,1,2,0,AUS,Bowler,True
DW Fleming,10,3,2,12.0,8*,12.00,16,75.00,0,0,1,0,0,Australia,1999,88.0,9,362,14.0,3/57,25.85,4.11,37.7,0,0,3,0,AUS,Bowler,False
JH Kallis,5,4,2,63.0,26,31.50,97,64.94,0,0,0,3,0,SouthAfrica,1996,13.0,1,57,0.0,-,-,4.38,-,0,0,1,0,SA,All Rounder,False
JH Kallis,8,8,2,312.0,96,52.00,470,66.38,0,4,2,18,4,SouthAfrica,1999,66.0,5,260,8.0,3/26,32.50,3.93,49.5,0,0,1,0,SA,All Rounder,False
JH Kallis,6,4,0,63.0,33,15.75,89,70.78,0,0,0,4,1,SouthAfrica,2003,41.0,3,193,3.0,3/41,64.33,4.70,82.0,0,0,2,0,SA,All Rounder,False
JH Kallis,10,9,3,485.0,128*,80.83,578,83.91,1,3,0,43,7,SouthAfrica,2007,61.0,1,271,5.0,2/36,54.20,4.44,73.2,0,0,3,0,SA,All Rounder,True
JH Kallis,7,7,0,225.0,69,32.14,309,72.81,0,2,0,18,1,SouthAfrica,2011,30.0,3,123,5.0,2/19,24.60,4.10,36.0,0,0,6,0,SA,All Rounder,False
G Kirsten,6,6,1,391.0,188*,78.20,434,90.09,1,1,0,33,4,SouthAfrica,1996,3.0,1,9,0.0,-,-,3.00,-,0,0,2,0,SA,Batsman,True
G Kirsten,9,9,0,229.0,82,25.44,417,54.91,0,1,1,22,1,SouthAfrica,1999,-,-,-,0.0,-,-,-,-,-,-,5,0,SA,Batsman,False
G Kirsten,6,6,3,186.0,69,62.00,217,85.71,0,3,1,24,2,SouthAfrica,2003,-,-,-,0.0,-,-,-,-,-,-,2,0,SA,Batsman,False
A Kumble,7,3,1,27.0,17,13.50,28,96.42,0,0,0,5,0,India,1996,69.4,3,281,15.0,3/28,18.73,4.03,27.8,0,0,8,0,INDIA,Bowler,True
A Kumble,7,3,2,10.0,6*,10.00,15,66.66,0,0,0,0,0,India,1999,67.2,1,282,8.0,2/30,35.25,4.18,50.5,0,0,5,0,INDIA,Bowler,False
A Kumble,3,2,1,25.0,16*,25.00,45,55.55,0,0,0,1,0,India,2003,27.0,1,107,5.0,4/32,21.40,3.96,32.4,1,0,1,0,INDIA,Bowler,False
A Kumble,1,-,-,0.0,-,-,-,-,-,-,-,-,-,India,2007,9.1,0,38,3.0,3/38,12.66,4.14,18.3,0,0,0,0,INDIA,Bowler,False
GD McGrath,7,1,1,0.0,0*,-,0,-,0,0,0,0,0,Australia,1996,62.2,10,258,6.0,2/30,43.00,4.13,62.3,0,0,1,0,AUS,Bowler,False
GD McGrath,10,2,1,0.0,0*,0.00,3,0.00,0,0,1,0,0,Australia,1999,95.4,9,367,18.0,5/14,20.38,3.83,31.8,0,1,0,0,AUS,Bowler,True
GD McGrath,11,1,1,3.0,3*,-,2,150.00,0,0,0,0,0,Australia,2003,87.0,18,310,21.0,7/15,14.76,3.56,24.8,0,1,3,0,AUS,Bowler,True
GD McGrath,11,-,-,0.0,-,-,-,-,-,-,-,-,-,Australia,2007,80.5,5,357,26.0,3/14,13.73,4.41,18.6,0,0,1,0,AUS,Bowler,True
M Muralitharan,6,1,1,5.0,5*,-,4,125.00,0,0,0,0,0,SriLanka,1996,57.1,3,216,7.0,2/37,30.85,3.77,49.0,0,0,2,0,SL,Bowler,False
M Muralitharan,5,3,1,16.0,12,8.00,11,145.45,0,0,0,3,0,SriLanka,1999,43.0,3,158,6.0,3/25,26.33,3.67,43.0,0,0,2,0,SL,Bowler,False
M Muralitharan,10,5,1,38.0,16,9.50,49,77.55,0,0,0,5,0,SriLanka,2003,87.4,7,319,17.0,4/28,18.76,3.63,30.9,1,0,3,0,SL,Bowler,True
M Muralitharan,10,2,1,3.0,2*,3.00,3,100.00,0,0,0,0,0,SriLanka,2007,84.4,1,351,23.0,4/19,15.26,4.14,22.0,2,0,5,0,SL,Bowler,True
M Muralitharan,9,2,1,7.0,7,7.00,4,175.00,0,0,0,0,1,SriLanka,2011,71.0,1,291,15.0,4/25,19.40,4.09,28.4,1,0,1,0,SL,Bowler,True
RT Ponting,7,7,0,229.0,102,32.71,327,70.03,1,0,1,16,1,Australia,1996,-,-,-,0.0,-,-,-,-,-,-,1,0,AUS,Batsman,False
RT Ponting,10,10,1,354.0,69,39.33,532,66.54,0,1,0,32,5,Australia,1999,-,-,-,0.0,-,-,-,-,-,-,6,0,AUS,Batsman,False
RT Ponting,11,10,2,415.0,140*,51.87,472,87.92,2,1,0,29,13,Australia,2003,-,-,-,0.0,-,-,-,-,-,-,11,0,AUS,Batsman,True
RT Ponting,11,9,1,539.0,113,67.37,565,95.39,1,4,0,53,11,Australia,2007,-,-,-,0.0,-,-,-,-,-,-,7,0,AUS,Batsman,True
RT Ponting,7,6,0,206.0,104,34.33,284,72.53,1,0,0,15,1,Australia,2011,-,-,-,0.0,-,-,-,-,-,-,3,0,AUS,Batsman,False
Saeed Anwar,6,6,2,329.0,83*,82.25,343,95.91,0,3,0,29,5,Pakistan,1996,-,-,-,0.0,-,-,-,-,-,-,0,0,PAK,Batsman,True
Saeed Anwar,10,10,1,368.0,113*,40.88,511,72.01,2,0,0,42,0,Pakistan,1999,-,-,-,0.0,-,-,-,-,-,-,3,0,PAK,Batsman,True
Saeed Anwar,5,5,1,218.0,101,54.50,303,71.94,1,0,0,19,1,Pakistan,2003,4.0,0,15,1.0,1/15,15.00,3.75,24.0,0,0,0,0,PAK,Batsman,False
Saqlain Mushtaq,1,-,-,0.0,-,-,-,-,-,-,-,-,-,Pakistan,1996,10.0,1,38,2.0,2/38,19.00,3.80,30.0,0,0,1,0,PAK,Bowler,False
Saqlain Mushtaq,10,7,4,40.0,21,13.33,84,47.61,0,0,2,2,0,Pakistan,1999,83.4,4,379,17.0,5/35,22.29,4.52,29.5,0,1,3,0,PAK,Bowler,True
Saqlain Mushtaq,3,3,2,16.0,12*,16.00,37,43.24,0,0,0,2,0,Pakistan,2003,18.4,2,77,4.0,2/44,19.25,4.12,28.0,0,0,0,0,PAK,Bowler,False
PA Strang,6,4,3,52.0,22*,52.00,79,65.82,0,0,0,4,0,Zimbabwe,1996,42.1,4,192,12.0,5/21,16.00,4.55,21.0,1,1,1,0,ZIM,All Rounder,True
PA Strang,6,5,0,57.0,29,11.40,87,65.51,0,0,1,5,2,Zimbabwe,1999,44.3,2,196,3.0,2/22,65.33,4.40,89.0,0,0,1,0,ZIM,All Rounder,False
WPUJC Vaas,6,1,0,23.0,23,23.00,16,143.75,0,0,0,3,0,SriLanka,1996,49.0,6,193,6.0,2/30,32.16,3.93,49.0,0,0,0,0,SL,Bowler,False
WPUJC Vaas,5,5,3,60.0,29*,30.00,80,75.00,0,0,0,3,2,SriLanka,1999,47.0,4,230,7.0,3/46,32.85,4.89,40.2,0,0,1,0,SL,Bowler,False
WPUJC Vaas,10,8,3,102.0,28*,20.40,161,63.35,0,0,0,8,1,SriLanka,2003,88.0,14,331,23.0,6/25,14.39,3.76,22.9,1,1,3,0,SL,Bowler,True
WPUJC Vaas,10,4,2,34.0,19*,17.00,39,87.17,0,0,1,2,1,SriLanka,2007,77.4,15,286,13.0,3/33,22.00,3.68,35.8,0,0,3,0,SL,Bowler,False
Waqar Younis,6,1,1,4.0,4*,-,21,19.04,0,0,0,0,0,Pakistan,1996,54.0,5,253,13.0,4/26,19.46,4.68,24.9,1,0,2,0,PAK,Bowler,True
Waqar Younis,1,1,0,11.0,11,11.00,20,55.00,0,0,0,0,0,Pakistan,1999,9.0,1,36,2.0,2/36,18.00,4.00,27.0,0,0,0,0,PAK,Bowler,False
Waqar Younis,6,4,0,17.0,8,4.25,23,73.91,0,0,0,1,0,Pakistan,2003,30.1,2,177,7.0,2/37,25.28,5.86,25.8,0,0,3,0,PAK,Bowler,False
SK Warne,7,5,2,32.0,24,10.66,28,114.28,0,0,1,1,2,Australia,1996,68.3,3,263,12.0,4/34,21.91,3.83,34.2,2,0,1,0,AUS,Bowler,True
SK Warne,10,4,1,34.0,18,11.33,44,77.27,0,0,0,3,0,Australia,1999,94.2,13,361,20.0,4/29,18.05,3.82,28.3,2,0,1,0,AUS,Bowler,True
R Dravid,8,8,1,461.0,145,65.85,539,85.52,2,3,0,49,1,India,1999,-,-,-,0.0,-,-,-,-,-,-,2,0,INDIA,Batsman,True
R Dravid,11,10,5,318.0,62,63.60,496,64.11,0,2,0,21,1,India,2003,-,-,-,0.0,-,-,-,-,-,-,15,1,INDIA,Batsman,False
R Dravid,3,3,1,81.0,60,40.50,112,72.32,0,1,0,6,1,India,2007,-,-,-,0.0,-,-,-,-,-,-,0,0,INDIA,Batsman,False
SC Ganguly,7,7,0,379.0,183,54.14,467,81.15,1,1,0,39,8,India,1999,38.0,0,195,6.0,3/27,32.50,5.13,38.0,0,0,0,0,INDIA,All Rounder,True
SC Ganguly,11,11,3,465.0,112*,58.12,565,82.30,3,0,1,30,15,India,2003,20.0,1,88,3.0,3/22,29.33,4.40,40.0,0,0,1,0,INDIA,All Rounder,True
SC Ganguly,3,3,0,162.0,89,54.00,266,60.90,0,2,0,10,2,India,2007,4.0,0,22,1.0,1/22,22.00,5.50,24.0,0,0,0,0,INDIA,All Rounder,False
HH Gibbs,9,9,0,341.0,101,37.88,467,73.01,1,2,1,34,4,SouthAfrica,1999,-,-,-,0.0,-,-,-,-,-,-,2,0,SA,Batsman,False
HH Gibbs,6,6,2,384.0,143,96.00,381,100.78,1,2,0,52,10,SouthAfrica,2003,-,-,-,0.0,-,-,-,-,-,-,1,0,SA,Batsman,True
HH Gibbs,10,8,2,342.0,72,57.00,373,91.68,0,4,0,20,14,SouthAfrica,2007,-,-,-,0.0,-,-,-,-,-,-,7,0,SA,Batsman,False
AC Gilchrist,10,10,0,224.0,63,22.40,284,78.87,0,2,1,27,2,Australia,1999,-,-,-,0.0,-,-,-,-,-,-,12,2,AUS,Wicket Keeper,False
AC Gilchrist,10,10,0,408.0,99,40.80,387,105.42,0,4,0,56,7,Australia,2003,-,-,-,0.0,-,-,-,-,-,-,21,0,AUS,Wicket Keeper,True
AC Gilchrist,11,11,1,453.0,149,45.30,436,103.89,1,2,0,58,10,Australia,2007,-,-,-,0.0,-,-,-,-,-,-,12,5,AUS,Wicket Keeper,False
DPMD Jayawardene,4,4,0,102.0,45,25.50,106,96.22,0,0,0,16,0,SriLanka,1999,24.0,0,131,2.0,2/56,65.50,5.45,72.0,0,0,0,0,SL,Batsman,False
DPMD Jayawardene,9,7,0,21.0,9,3.00,58,36.20,0,0,2,2,0,SriLanka,2003,-,-,-,0.0,-,-,-,-,-,-,2,0,SL,Batsman,False
DPMD Jayawardene,11,11,2,548.0,115*,60.88,644,85.09,1,4,0,40,10,SriLanka,2007,-,-,-,0.0,-,-,-,-,-,-,5,0,SL,Batsman,True
DPMD Jayawardene,9,7,1,304.0,103*,50.66,304,100.00,2,1,0,32,1,SriLanka,2011,-,-,-,0.0,-,-,-,-,-,-,8,0,SL,Batsman,False
DPMD Jayawardene,7,5,0,125.0,100,25.00,168,74.40,1,0,1,9,1,SriLanka,2015,-,-,-,0.0,-,-,-,-,-,-,1,0,SL,Batsman,False
L Klusener,9,8,6,281.0,52*,140.50,230,122.17,0,2,0,26,10,SouthAfrica,1999,75.5,5,350,17.0,5/21,20.58,4.61,26.7,0,1,1,0,SA,All Rounder,True
L Klusener,5,3,2,91.0,57,91.00,77,118.18,0,1,0,5,6,SouthAfrica,2003,25.0,2,137,5.0,4/16,27.40,5.48,30.0,1,0,1,0,SA,All Rounder,False
Shahid Afridi,8,7,0,93.0,37,13.28,104,89.42,0,0,0,8,3,Pakistan,1999,22.0,1,115,1.0,1/26,115.00,5.22,132.0,0,0,3,0,PAK,All Rounder,False
Shahid Afridi,3,3,0,16.0,9,5.33,21,76.19,0,0,0,2,1,Pakistan,2003,26.3,0,144,3.0,2/36,48.00,5.43,53.0,0,0,2,0,PAK,All Rounder,False
Shahid Afridi,1,1,0,16.0,16,16.00,10,160.00,0,0,0,1,1,Pakistan,2007,4.0,0,20,3.0,3/20,6.66,5.00,8.0,0,0,0,0,PAK,All Rounder,False
Shahid Afridi,8,7,0,84.0,20,12.00,67,125.37,0,0,0,9,1,Pakistan,2011,74.3,4,270,21.0,5/16,12.85,3.62,21.2,2,2,5,0,PAK,All Rounder,True
Shahid Afridi,7,6,1,116.0,28,23.20,87,133.33,0,0,1,10,6,Pakistan,2015,57.0,2,282,2.0,2/35,141.00,4.94,171.0,0,0,3,0,PAK,All Rounder,False
ML Hayden,11,11,1,328.0,88,32.80,410,80.00,0,1,0,37,5,Australia,2003,-,-,-,0.0,-,-,-,-,-,-,0,0,AUS,Batsman,False
ML Hayden,11,10,1,659.0,158,73.22,652,101.07,3,1,0,69,18,Australia,2007,-,-,-,0.0,-,-,-,-,-,-,7,0,AUS,Batsman,True
Z Khan,11,5,1,18.0,13*,4.50,27,66.66,0,0,2,2,0,India,2003,88.2,5,374,18.0,4/42,20.77,4.23,29.4,1,0,6,0,INDIA,Bowler,True
Z Khan,3,2,1,16.0,15*,16.00,22,72.72,0,0,0,2,0,India,2007,29.0,3,122,5.0,2/32,24.40,4.20,34.8,0,0,0,0,INDIA,Bowler,False
Z Khan,9,4,0,18.0,9,4.50,21,85.71,0,0,1,2,0,India,2011,81.3,4,394,21.0,3/20,18.76,4.83,23.2,0,0,4,0,INDIA,Bowler,True
B Lee,10,3,1,23.0,15*,11.50,35,65.71,0,0,0,0,2,Australia,2003,83.1,9,394,22.0,5/42,17.90,4.73,22.6,0,1,8,0,AUS,Bowler,True
B Lee,7,1,0,5.0,5,5.00,8,62.50,0,0,0,1,0,Australia,2011,54.2,6,235,13.0,4/28,18.07,4.32,25.0,2,0,4,0,AUS,Bowler,False
KC Sangakkara,10,9,2,176.0,39*,25.14,239,73.64,0,0,0,16,0,SriLanka,2003,-,-,-,0.0,-,-,-,-,-,-,15,2,SL,Wicket Keeper,False
KC Sangakkara,11,11,1,350.0,76,35.00,465,75.26,0,4,1,30,2,SriLanka,2007,-,-,-,0.0,-,-,-,-,-,-,11,4,SL,Wicket Keeper,False
KC Sangakkara,9,8,3,465.0,111,93.00,555,83.78,1,3,0,44,5,SriLanka,2011,-,-,-,0.0,-,-,-,-,-,-,10,4,SL,Wicket Keeper,True
KC Sangakkara,7,7,2,541.0,124,108.20,511,105.87,4,0,0,57,7,SriLanka,2015,-,-,-,0.0,-,-,-,-,-,-,5,3,SL,Wicket Keeper,True
V Sehwag,11,11,0,299.0,82,27.18,345,86.66,0,2,0,37,7,India,2003,22.0,2,88,2.0,1/3,44.00,4.00,66.0,0,0,8,0,INDIA,Batsman,False
V Sehwag,3,3,0,164.0,114,54.66,139,117.98,1,0,0,22,4,India,2007,10.0,0,32,2.0,2/17,16.00,3.20,30.0,0,0,0,0,INDIA,Batsman,False
V Sehwag,8,8,0,380.0,175,47.50,310,122.58,1,1,1,49,7,India,2011,-,-,-,0.0,-,-,-,-,-,-,3,0,INDIA,Batsman,True
SB Styris,8,7,2,268.0,141,53.60,263,101.90,1,1,0,12,9,NewZealand,2003,34.4,0,183,4.0,2/23,45.75,5.27,52.0,0,0,5,0,NZ,All Rounder,False
SB Styris,10,9,3,499.0,111*,83.16,598,83.44,1,4,0,45,6,NewZealand,2007,57.0,3,242,9.0,4/43,26.88,4.24,38.0,1,0,5,0,NZ,All Rounder,True
SB Styris,8,6,0,142.0,57,23.66,165,86.06,0,1,1,12,2,NewZealand,2011,28.4,0,127,4.0,2/17,31.75,4.43,43.0,0,0,3,0,NZ,All Rounder,False
DL Vettori,7,3,0,36.0,13,12.00,74,48.64,0,0,0,5,0,NewZealand,2003,65.0,1,259,2.0,1/38,129.50,3.98,195.0,0,0,0,0,NZ,Bowler,False
DL Vettori,10,5,1,28.0,14*,7.00,29,96.55,0,0,1,3,0,NewZealand,2007,97.4,2,447,16.0,4/23,27.93,4.57,36.6,1,0,2,0,NZ,Bowler,True
DL Vettori,6,3,1,53.0,44,26.50,50,106.00,0,0,0,6,0,NewZealand,2011,43.0,4,155,3.0,2/25,51.66,3.60,86.0,0,0,1,0,NZ,Bowler,False
DL Vettori,9,6,4,50.0,16*,25.00,46,108.69,0,0,0,6,1,NewZealand,2015,75.5,5,307,15.0,4/18,20.46,4.04,30.3,1,0,6,0,NZ,Bowler,False
Yuvraj Singh,11,10,3,240.0,58*,34.28,281,85.40,0,2,1,23,2,India,2003,14.3,2,70,5.0,4/6,14.00,4.82,17.4,1,0,1,0,INDIA,All Rounder,False
Yuvraj Singh,3,3,0,136.0,83,45.33,116,117.24,0,1,0,6,8,India,2007,3.0,0,15,0.0,-,-,5.00,-,0,0,0,0,INDIA,All Rounder,False
Yuvraj Singh,9,8,4,362.0,113,90.50,420,86.19,1,4,1,39,3,India,2011,75.0,2,377,15.0,5/31,25.13,5.02,30.0,0,1,3,0,INDIA,All Rounder,True
AB de Villiers,10,10,0,372.0,146,37.20,369,100.81,1,2,4,47,9,SouthAfrica,2007,-,-,-,0.0,-,-,-,-,-,-,5,0,SA,Batsman,False
AB de Villiers,5,5,1,353.0,134,88.25,326,108.28,2,1,0,31,7,SouthAfrica,2011,-,-,-,0.0,-,-,-,-,-,-,1,0,SA,Batsman,False
AB de Villiers,8,7,2,482.0,162*,96.40,334,144.31,1,3,0,43,21,SouthAfrica,2015,14.0,0,86,4.0,2/15,21.50,6.14,21.0,0,0,6,0,SA,Batsman,True
TM Dilshan,11,9,2,217.0,58,31.00,236,91.94,0,1,0,15,2,SriLanka,2007,36.5,3,158,5.0,2/22,31.60,4.28,44.2,0,0,3,0,SL,All Rounder,False
TM Dilshan,9,9,1,500.0,144,62.50,551,90.74,2,2,0,61,4,SriLanka,2011,31.0,2,126,8.0,4/4,15.75,4.06,23.2,1,0,6,0,SL,All Rounder,True
TM Dilshan,7,7,1,395.0,161*,65.83,409,96.57,2,1,2,46,3,SriLanka,2015,33.2,0,163,5.0,2/35,32.60,4.89,40.0,0,0,3,0,SL,All Rounder,False
SL Malinga,8,3,1,12.0,10,6.00,15,80.00,0,0,0,0,1,SriLanka,2007,58.2,6,284,18.0,4/54,15.77,4.86,19.4,1,0,2,0,SL,Bowler,True
SL Malinga,7,1,0,6.0,6,6.00,4,150.00,0,0,0,0,1,SriLanka,2011,48.4,0,270,13.0,6/38,20.76,5.54,22.4,0,1,0,0,SL,Bowler,False
SL Malinga,7,4,1,4.0,3,1.33,12,33.33,0,0,1,0,0,SriLanka,2015,63.4,1,354,12.0,3/35,29.50,5.56,31.8,0,0,3,0,SL,Bowler,False
SL Malinga,7,5,0,11.0,4,2.20,28,39.28,0,0,0,2,0,SriLanka,2019,61.4,4,373,13.0,4/43,28.69,6.04,28.4,1,0,0,0,SL,Bowler,True
Shakib Al Hasan,9,9,2,202.0,57*,28.85,353,57.22,0,2,1,15,3,Bangladesh,2007,60.5,0,302,7.0,2/12,43.14,4.96,52.1,0,0,1,0,BDESH,All Rounder,False
Shakib Al Hasan,6,6,0,142.0,55,23.66,200,71.00,0,1,0,14,0,Bangladesh,2011,46.2,0,223,8.0,2/28,27.87,4.81,34.7,0,0,2,0,BDESH,All Rounder,False
Shakib Al Hasan,6,6,1,196.0,63,39.20,209,93.77,0,2,0,18,3,Bangladesh,2015,57.4,1,298,8.0,4/55,37.25,5.16,43.2,1,0,2,0,BDESH,All Rounder,False
Shakib Al Hasan,8,8,1,606.0,124*,86.57,631,96.03,2,5,0,60,2,Bangladesh,2019,74.0,1,399,11.0,5/29,36.27,5.39,40.3,0,1,3,0,BDESH,All Rounder,True
SW Tait,11,-,-,0.0,-,-,-,-,-,-,-,-,-,Australia,2007,84.3,1,467,23.0,4/39,20.30,5.52,22.0,1,0,1,0,AUS,Bowler,True
SW Tait,7,1,1,0.0,0*,-,1,0.00,0,0,0,0,0,Australia,2011,52.0,3,264,11.0,3/35,24.00,5.07,28.3,0,0,1,0,AUS,Bowler,False
BRM Taylor,3,3,0,87.0,50,29.00,178,48.87,0,1,0,5,1,Zimbabwe,2007,-,-,-,0.0,-,-,-,-,-,-,4,1,ZIM,Wicket Keeper,False
BRM Taylor,6,6,0,170.0,80,28.33,195,87.17,0,1,1,20,1,Zimbabwe,2011,3.0,0,23,0.0,-,-,7.66,-,0,0,0,0,ZIM,Wicket Keeper,False
BRM Taylor,6,6,0,433.0,138,72.16,405,106.91,2,1,0,43,12,Zimbabwe,2015,-,-,-,0.0,-,-,-,-,-,-,4,0,ZIM,Wicket Keeper,True
JE Taylor,7,4,0,37.0,13,9.25,41,90.24,0,0,0,4,0,WestIndies,2007,64.0,3,306,6.0,2/42,51.00,4.78,64.0,0,0,0,0,WI,Bowler,False
JE Taylor,7,3,1,37.0,15*,18.50,48,77.08,0,0,0,5,0,WestIndies,2015,57.3,2,328,17.0,3/15,19.29,5.70,20.2,0,0,1,0,WI,Bowler,True
WU Tharanga,11,11,0,298.0,73,27.09,446,66.81,0,3,1,27,2,SriLanka,2007,-,-,-,0.0,-,-,-,-,-,-,2,0,SL,Batsman,False
WU Tharanga,9,9,2,395.0,133,56.42,472,83.68,2,1,0,52,2,SriLanka,2011,-,-,-,0.0,-,-,-,-,-,-,2,0,SL,Batsman,True
WU Tharanga,1,1,0,4.0,4,4.00,5,80.00,0,0,0,0,0,SriLanka,2015,-,-,-,0.0,-,-,-,-,-,-,0,0,SL,Batsman,False
MJ Guptill,8,8,2,262.0,86*,43.66,382,68.58,0,2,0,27,4,NewZealand,2011,-,-,-,0.0,-,-,-,-,-,-,1,0,NZ,Batsman,False
MJ Guptill,9,9,1,547.0,237*,68.37,523,104.58,2,1,0,59,16,NewZealand,2015,-,-,-,0.0,-,-,-,-,-,-,4,0,NZ,Batsman,True
MJ Guptill,10,10,1,186.0,73*,20.66,221,84.16,0,1,2,22,4,NewZealand,2019,-,-,-,0.0,-,-,-,-,-,-,8,0,NZ,Batsman,False
M Morkel,6,2,0,4.0,3,2.00,20,20.00,0,0,0,0,0,SouthAfrica,2011,40.2,0,207,9.0,3/33,23.00,5.13,26.8,0,0,2,0,SA,Bowler,False
M Morkel,8,2,1,8.0,6*,8.00,13,61.53,0,0,0,1,0,SouthAfrica,2015,68.1,4,299,17.0,3/34,17.58,4.38,24.0,0,0,2,0,SA,Bowler,True
TG Southee,8,3,0,14.0,8,4.66,21,66.66,0,0,1,1,0,NewZealand,2011,72.2,9,312,18.0,3/13,17.33,4.31,24.1,0,0,1,0,NZ,Bowler,True
TG Southee,9,3,1,23.0,12*,11.50,18,127.77,0,0,1,1,2,NewZealand,2015,81.0,7,472,15.0,7/33,31.46,5.82,32.4,0,1,2,0,NZ,Bowler,False
TG Southee,1,1,1,7.0,7*,-,16,43.75,0,0,0,0,0,NewZealand,2019,9.0,0,70,1.0,1/70,70.00,7.77,54.0,0,0,0,0,NZ,Bowler,False
KS Williamson,4,4,2,99.0,38*,49.50,92,107.60,0,0,0,8,1,NewZealand,2011,5.0,0,30,0.0,-,-,6.00,-,0,0,0,0,NZ,Batsman,False
KS Williamson,9,9,2,234.0,57,33.42,300,78.00,0,1,0,28,2,NewZealand,2015,2.0,0,12,0.0,-,-,6.00,-,0,0,3,0,NZ,Batsman,False
KS Williamson,10,9,2,578.0,148,82.57,771,74.96,2,2,0,50,3,NewZealand,2019,15.0,0,64,2.0,1/25,32.00,4.26,45.0,0,0,6,0,NZ,Batsman,True
TA Boult,9,2,2,0.0,0*,-,3,0.00,0,0,0,0,0,NewZealand,2015,85.0,14,371,22.0,5/27,16.86,4.36,23.1,1,1,1,0,NZ,Bowler,True
TA Boult,10,4,3,10.0,4,10.00,19,52.63,0,0,0,1,0,NewZealand,2019,99.0,4,479,17.0,4/30,28.17,4.83,34.9,2,0,7,0,NZ,Bowler,True
PJ Cummins,2,1,1,7.0,7*,-,30,23.33,0,0,0,1,0,Australia,2015,13.1,1,80,5.0,3/42,16.00,6.07,15.8,0,0,2,0,AUS,Bowler,False
PJ Cummins,10,8,1,51.0,23*,7.28,68,75.00,0,0,1,3,0,Australia,2019,86.1,6,427,14.0,3/33,30.50,4.95,36.9,0,0,4,0,AUS,Bowler,True
S Dhawan,8,8,0,412.0,137,51.50,449,91.75,2,1,0,48,9,India,2015,-,-,-,0.0,-,-,-,-,-,-,7,0,INDIA,Batsman,True
S Dhawan,2,2,0,125.0,117,62.50,121,103.30,1,0,0,17,0,India,2019,-,-,-,0.0,-,-,-,-,-,-,0,0,INDIA,Batsman,False
AJ Finch,8,8,0,280.0,135,35.00,304,92.10,1,1,1,26,6,Australia,2015,-,-,-,0.0,-,-,-,-,-,-,6,0,AUS,Batsman,False
AJ Finch,10,10,0,507.0,153,50.70,497,102.01,2,3,1,47,18,Australia,2019,3.0,0,20,1.0,1/13,20.00,6.66,18.0,0,0,5,0,AUS,Batsman,True
Mohammed Shami,7,3,3,8.0,4*,-,9,88.88,0,0,0,1,0,India,2015,61.0,7,294,17.0,4/35,17.29,4.81,21.5,1,0,5,0,INDIA,Bowler,True
Mohammed Shami,4,3,0,2.0,1,0.66,6,33.33,0,0,1,0,0,India,2019,35.1,2,193,14.0,5/69,13.78,5.48,15.0,2,1,3,0,INDIA,Bowler,True
RG Sharma,8,8,1,330.0,137,47.14,360,91.66,1,2,1,33,9,India,2015,3.0,0,21,0.0,-,-,7.00,-,0,0,3,0,INDIA,Batsman,False
RG Sharma,9,9,1,648.0,140,81.00,659,98.33,5,1,0,67,14,India,2019,-,-,-,0.0,-,-,-,-,-,-,4,0,INDIA,Batsman,True
MA Starc,8,3,1,0.0,0*,0.00,3,0.00,0,0,2,0,0,Australia,2015,63.5,3,224,22.0,6/28,10.18,3.50,17.4,1,1,5,0,AUS,Bowler,True
MA Starc,10,8,2,68.0,29,11.33,76,89.47,0,0,1,3,2,Australia,2019,92.2,5,502,27.0,5/26,18.59,5.43,20.5,2,2,3,0,AUS,Bowler,True
DA Warner,8,8,1,345.0,178,49.28,287,120.20,1,0,0,38,9,Australia,2015,-,-,-,0.0,-,-,-,-,-,-,5,0,AUS,Batsman,False
DA Warner,10,10,1,647.0,166,71.88,724,89.36,3,3,0,66,8,Australia,2019,-,-,-,0.0,-,-,-,-,-,-,4,0,AUS,Batsman,True
